,lemma,pos,gender,word_cluster,TYPE
0,α,NOUN,n,0,
1,α,NOUN,n,0,
44,ἀβέβαιος,ADJ,-,43,
16947,βέβαιος,ADJ,-,43,
45,ἀβεβαιότης,NOUN,f,44,
16948,βεβαιότης,NOUN,f,44,
46,ἀβέβηλος,ADJ,-,45,
16959,βέβηλος,ADJ,-,45,
51,ἀβέλτερος,ADJ,-,50,
16991,βέλτερος,ADJ,-,50,
64,ἄβλαστος,ADJ,-,63,
3293,ἄλαστος,ADJ,-,63,
78,ἀβληχρός,ADJ,-,77,
17252,βληχρός,ADJ,-,77,
101,ἀβούτης,NOUN,m,100,
17718,βούτης,NOUN,m,100,
145,ἀβροχικός,ADJ,-,144,
18013,βροχικός,ADJ,-,144,
183,ἀγαθοεργασία,NOUN,f,182,WR
185,ἀγαθοεργία,NOUN,f,182,WR
217,ἀγαλλιάω,VERB,-,215,
18327,γαλιάω,VERB,-,215,
251,ἀγανακτητικός,ADJ,-,249,WR
253,ἀγανακτικός,ADJ,-,249,WR
287,ἀγαυρίαμα,NOUN,n,284,
18455,γαυρίαμα,NOUN,n,284,
306,ἀγγελικός,ADJ,-,303,
348,ἀγελικός,ADJ,-,303,
312,ἀγγελτικός,ADJ,-,309,
31173,ἐξαγγελτικός,ADJ,-,309,
338,ἀγελαστικός,ADJ,-,335,
18526,γελαστικός,ADJ,-,335,
350,ἀγέλοιος,ADJ,-,346,
18541,γέλοιος,ADJ,-,346,
354,ἀγένεια,NOUN,f,350,WR
359,ἀγέννεια,NOUN,f,350,WR
356,ἀγενής,ADJ,-,352,WR
360,ἀγεννής,ADJ,-,352,WR
357,ἀγενησία,NOUN,f,353,WR
361,ἀγεννησία,NOUN,f,353,WR
358,ἀγένητος,ADJ,-,354,WR
362,ἀγέννητος,ADJ,-,354,WR
378,ἀγεωμέτρητος,ADJ,-,370,
18748,γεωμέτρητος,ADJ,-,370,
395,ἀγήρατος,NOUN,m,387,
396,ἀγήρατος,NOUN,m,387,
405,ἁγιασμός,NOUN,m,396,
416,ἁγισμός,NOUN,m,396,
430,ἀγκαλίζομαι,VERB,-,420,
44879,καλίζομαι,VERB,-,420,
561,ἁγνευτήριον,NOUN,n,551,
99269,χωνευτήριον,NOUN,n,551,
567,ἁγνιασμός,NOUN,m,557,WR
571,ἁγνισμός,NOUN,m,557,WR
573,ἁγνιστήριον,NOUN,n,562,
54950,μαδιστήριον,NOUN,n,562,
98844,χριστήριον,NOUN,n,562,
579,ἀγνοηματίζω,VERB,-,568,
60487,νοηματίζω,VERB,-,568,
600,ἀγνωμονεύω,VERB,-,589,
19117,γνωμονεύω,VERB,-,589,
602,ἀγνωμοσύνη,NOUN,f,591,
19120,γνωμοσύνη,NOUN,f,591,
612,ἀγξηραίνω,VERB,-,601,WR
5983,ἀναξηραίνω,VERB,-,601,WR
26025,ἐγξηραίνω,VERB,-,601,
742,ἀγριόφυλλον,NOUN,n,731,
59118,μυριόφυλλον,NOUN,n,731,
811,ἀγυμνασία,NOUN,f,800,
19477,γυμνασία,NOUN,f,800,
895,ἄγχουρος,NOUN,m,884,
896,ἄγχουρος,NOUN,m,884,
899,ἀγχουσίζομαι,VERB,-,887,
26104,ἐγχουσίζομαι,VERB,-,887,
919,ἀγώνιος,ADJ,-,907,
19641,γώνιος,ADJ,-,907,
935,ἄγωνος,NOUN,m,923,
936,ἄγωνος,NOUN,m,923,
956,ἀδάμας,NOUN,m,943,
957,ἀδάμας,NOUN,m,943,
991,ἀδελφεοκτόνος,ADJ,-,977,WR
1004,ἀδελφοκτόνος,ADJ,-,977,WR
1011,ἀδελφός,NOUN,m,996,
1012,ἀδελφός,NOUN,m,996,
1103,ἀδιαπνευστία,NOUN,f,1087,
21697,διαπνευστία,NOUN,f,1087,
1442,ἀερέθομαι,VERB,-,1426,
39934,ἠγερέθομαι,VERB,-,1426,
1456,ἀεροδρόμος,ADJ,-,1440,
1938,αἰθεροδρόμος,ADJ,-,1440,
1457,ἀεροειδής,ADJ,-,1441,WR
40040,ἠεροειδής,ADJ,-,1441,WR
1575,ἄητος,NOUN,m,1559,
1576,ἄητος,NOUN,m,1559,
1580,ἀθαλασσία,NOUN,f,1563,
40854,θαλασσία,NOUN,f,1563,
1612,ἀθέλεος,ADJ,-,1595,
41136,θέλεος,ADJ,-,1595,
1615,ἀθελξίνοος,ADJ,-,1598,
41155,θελξίνοος,ADJ,-,1598,
1632,ἀθεραπευσία,NOUN,f,1615,
24762,δυσθεραπευσία,NOUN,f,1615,
41407,θεραπευσία,NOUN,f,1615,
1637,ἀθέριστος,ADJ,-,1620,
95246,φέριστος,ADJ,-,1620,
1639,ἄθερμος,ADJ,-,1622,
27270,ἔκθερμος,ADJ,-,1622,
1675,ἀθήρευτος,ADJ,-,1658,
15325,αὐτοθήρευτος,ADJ,-,1658,
1730,ἀθριπήδεστος,ADJ,-,1713,
42087,θριπήδεστος,ADJ,-,1713,
1742,ἀθυμέω,VERB,-,1725,
63392,ὀξυθυμέω,VERB,-,1725,
1744,ἀθυμία,NOUN,f,1727,
42250,θυμία,NOUN,f,1727,
1786,αἰγάριον,NOUN,n,1769,
18407,γάριον,NOUN,n,1769,
1926,αἴθαλος,NOUN,m,1909,
1927,αἴθαλος,NOUN,m,1909,
2021,αἱμάσσω,VERB,-,2002,
43114,ἱμάσσω,VERB,-,2002,
2031,αἱμάτιον,NOUN,n,2012,
43125,ἱμάτιον,NOUN,n,2012,
2120,αἰνέω,VERB,-,2101,
43177,ἰνέω,VERB,-,2101,
2338,αἰτητικός,ADJ,-,2319,
43896,ἰτητικός,ADJ,-,2319,
2384,αἰωνίζω,VERB,-,2365,
44012,Ἰωνίζω,VERB,-,2365,
2412,ἀκαίριμος,ADJ,-,2393,
44405,καίριμος,ADJ,-,2393,
2413,ἀκαίριος,ADJ,-,2394,
44407,καίριος,ADJ,-,2394,
2427,ἀκακοήθης,ADJ,-,2408,
44538,κακοήθης,ADJ,-,2408,
2428,ἀκακοπαθέω,VERB,-,2409,
44619,κακοπαθέω,VERB,-,2409,
2441,ἀκαλός,ADJ,-,2422,
45098,καλός,ADJ,-,2422,
2463,ἀκανθήεις,ADJ,-,2444,
44432,κακανθήεις,ADJ,-,2444,
2486,ἀκανθώδης,ADJ,-,2467,
45315,κανθώδης,ADJ,-,2467,
2521,ἀκατάγγελτος,ADJ,-,2502,
45843,κατάγγελτος,ADJ,-,2502,
2526,ἀκαταθύμιος,ADJ,-,2507,
46102,καταθύμιος,ADJ,-,2507,
2533,ἀκατάκριτος,ADJ,-,2514,
46325,κατάκριτος,ADJ,-,2514,
2539,ἀκαταλληλία,NOUN,f,2520,
46443,καταλληλία,NOUN,f,2520,
2540,ἀκατάλληλος,ADJ,-,2521,
46444,κατάλληλος,ADJ,-,2521,
2544,ἀκατάμακτος,ADJ,-,2525,
46491,κατάμακτος,ADJ,-,2525,
2552,ἀκατανόητος,ADJ,-,2533,
37865,εὐκατανόητος,ADJ,-,2533,
2557,ἀκατάπληκτος,ADJ,-,2538,
46834,κατάπληκτος,ADJ,-,2538,
2567,ἀκατασκεύαστος,ADJ,-,2548,
12587,ἀπροκατασκεύαστος,ADJ,-,2548,
2568,ἀκατάσκευος,ADJ,-,2549,
25749,ἐγκατάσκευος,ADJ,-,2549,
47119,κατάσκευος,ADJ,-,2549,
2581,ἀκατάσχετος,ADJ,-,2562,
47324,κατάσχετος,ADJ,-,2562,
2588,ἀκαταφρόνητος,ADJ,-,2569,
24829,δυσκαταφρόνητος,ADJ,-,2569,
37885,εὐκαταφρόνητος,ADJ,-,2569,
47501,καταφρόνητος,ADJ,-,2569,
2598,ἀκατονόμαστος,ADJ,-,2579,
47962,κατονόμαστος,ADJ,-,2579,
2600,ἀκάτοπτος,ADJ,-,2581,
47981,κάτοπτος,ADJ,-,2581,
2621,ἀκενόσπουδος,ADJ,-,2602,
48404,κενόσπουδος,ADJ,-,2602,
2694,ἀκίβδηλος,ADJ,-,2675,
49005,κίβδηλος,ADJ,-,2675,
2702,ἀκινάκης,NOUN,m,2683,
49104,κινάκης,NOUN,m,2683,
2706,ἀκινδυνώδης,ADJ,-,2687,
49117,κινδυνώδης,ADJ,-,2687,
2717,ἀκίς,NOUN,f,2698,
100007,ὠκίς,NOUN,f,2698,
2735,ἀκληρέω,VERB,-,2716,
53677,ληρέω,VERB,-,2716,
2746,ἀκλισία,NOUN,f,2727,
49544,κλισία,NOUN,f,2727,
2788,ἀκοινωνία,NOUN,f,2769,
49969,κοινωνία,NOUN,f,2769,
2826,ἀκονητής,NOUN,m,2807,
50326,κονητής,NOUN,m,2807,
2845,ἀκοντιστήριον,NOUN,n,2826,
96808,φροντιστήριον,NOUN,n,2826,
2851,ἀκοντοφόρος,ADJ,-,2832,
50369,κοντοφόρος,ADJ,-,2832,
2861,ἀκοπρώδης,ADJ,-,2842,
50450,κοπρώδης,ADJ,-,2842,
2874,ἀκοσμέω,VERB,-,2855,
50677,κοσμέω,VERB,-,2855,
2923,ἀκρατέω,VERB,-,2904,
51023,κρατέω,VERB,-,2904,
2929,ἀκρατίζομαι,VERB,-,2910,
51040,κρατίζομαι,VERB,-,2910,
2932,ἀκράτιστος,ADJ,-,2913,
51046,κράτιστος,ADJ,-,2913,
2965,ἀκριβολογέομαι,VERB,-,2946,
31301,ἐξακριβολογέομαι,VERB,-,2946,
3024,ἀκροβολιστικός,ADJ,-,3005,
17378,βολιστικός,ADJ,-,3005,
3056,ἀκρολογέω,VERB,-,3037,
55115,μακρολογέω,VERB,-,3037,
3144,ἀκρόχειρον,NOUN,n,3125,
78146,πρόχειρον,NOUN,n,3125,
3210,ἀκύλιστος,ADJ,-,3191,
90355,τρικύλιστος,ADJ,-,3191,
3234,ἄκων,NOUN,m,3215,
3235,ἄκων,NOUN,m,3215,
3258,ἀλαζών,NOUN,m,3238,
3259,ἀλαζών,NOUN,m,3238,
3326,ἀλεαντικός,ADJ,-,3304,
53035,λεαντικός,ADJ,-,3304,
3352,ἀλειτουργησία,NOUN,f,3330,
53122,λειτουργησία,NOUN,f,3330,
3380,ἀλέκτωρ,NOUN,m,3358,
3382,ἀλέκτωρ,NOUN,m,3358,
3384,ἀλέκτωρ,NOUN,m,3358,
3381,ἀλέκτωρ,NOUN,f,3359,
3383,ἀλέκτωρ,NOUN,f,3359,
3385,ἀλέκτωρ,NOUN,f,3359,
3472,ἀληθότης,NOUN,f,3446,
53596,ληθότης,NOUN,f,3446,
3491,ἀλητικός,ADJ,-,3465,
9290,ἀντλητικός,ADJ,-,3465,
89636,τλητικός,ADJ,-,3465,
3494,ἀλητός,NOUN,m,3468,
3495,ἀλητός,NOUN,m,3468,
3512,ἁλιαρός,ADJ,-,3485,
53721,λιαρός,ADJ,-,3485,
3554,ἀλιθοκόλλητος,ADJ,-,3527,
53866,λιθοκόλλητος,ADJ,-,3527,
3584,ἅλιος,NOUN,m,3557,
3585,ἅλιος,NOUN,m,3557,
3630,ἀλιταίνω,VERB,-,3602,
54236,λιταίνω,VERB,-,3602,
3631,ἀλιτάνευτος,ADJ,-,3603,WR
3748,ἀλλιτάνευτος,ADJ,-,3603,WR
3638,ἀλιτήριος,ADJ,-,3610,
72328,πολιορκητήριος,ADJ,-,3610,
3735,ἀλληλοφθονία,NOUN,f,3707,
3736,ἀλληλοφθορία,NOUN,f,3707,
3765,ἀλλοειδής,ADJ,-,3735,
54452,λοξοειδής,ADJ,-,3735,
3846,ἄλλυτος,ADJ,-,3816,WR
4005,ἄλυτος,ADJ,-,3816,WR
3888,ἀλογοειδής,ADJ,-,3858,
54344,λογοειδής,ADJ,-,3858,
96340,φλογοειδής,ADJ,-,3858,
3896,ἀλογώδης,ADJ,-,3866,
54394,λογώδης,ADJ,-,3866,
96346,φλογώδης,ADJ,-,3866,
3909,ἀλοιμός,NOUN,m,3879,
54421,λοιμός,NOUN,m,3879,
3940,ἀλουτιάω,VERB,-,3910,
54501,λουτιάω,VERB,-,3910,
3975,ἀλυπέω,VERB,-,3945,
54683,λυπέω,VERB,-,3945,
3989,ἅλυσις,NOUN,f,3959,
40204,ἤλυσις,NOUN,f,3959,
3991,ἀλυσιτέλεια,NOUN,f,3961,
54742,λυσιτέλεια,NOUN,f,3961,
3992,ἀλυσιτελής,ADJ,-,3962,
54744,λυσιτελής,ADJ,-,3962,
4069,ἀλωπεκία,NOUN,f,4038,
4075,ἀλωπεκίς,NOUN,f,4038,
4101,ἀμαλακία,NOUN,f,4069,
55207,μαλακία,NOUN,f,4069,
4121,ἀμαλός,ADJ,-,4089,
55298,μαλός,ADJ,-,4089,
4154,ἁμαξοτροχιά,NOUN,f,4122,
4199,ἁματροχιά,NOUN,f,4122,
4185,ἁμαρτωλός,NOUN,m,4153,
4186,ἁμαρτωλός,NOUN,m,4153,
4197,ἀματαιότης,NOUN,f,4164,
55600,ματαιότης,NOUN,f,4164,
4266,ἀμβροσία,NOUN,f,4232,
4267,ἀμβροσία,NOUN,f,4232,
4285,ἀμέθυστος,NOUN,n,4250,
4286,ἀμέθυστος,NOUN,n,4250,
4306,ἀμελεϊστί,ADV,-,4270,
56244,μελεϊστί,ADV,-,4270,
4313,ἀμελητικός,ADJ,-,4277,
34388,ἐπιμελητικός,ADJ,-,4277,
4314,ἀμέλητος,ADJ,-,4278,
4319,ἀμέλλητος,ADJ,-,4278,
4326,ἀμεμψίμοιρος,ADJ,-,4289,
56496,μεμψίμοιρος,ADJ,-,4289,
4358,ἀμετάκλητος,ADJ,-,4321,
56893,μετάκλητος,ADJ,-,4321,
4370,ἀμετάπτωτος,ADJ,-,4333,
57065,μετάπτωτος,ADJ,-,4333,
4371,ἀμετάστατος,ADJ,-,4334,
57111,μετάστατος,ADJ,-,4334,
4376,ἀμετατροπία,NOUN,f,4339,
57154,μετατροπία,NOUN,f,4339,
4377,ἀμετάτροπος,ADJ,-,4340,
57155,μετάτροπος,ADJ,-,4340,
4382,ἀμέτοχος,ADJ,-,4345,
57363,μέτοχος,ADJ,-,4345,
4431,ἁμιλλητέον,ADJ,-,4394,
21416,διαμιλλητέον,ADJ,-,4394,
4453,ἀμιχθαλόεις,ADJ,-,4416,
58121,μιχθαλόεις,ADJ,-,4416,
4469,ἀμμορία,NOUN,f,4432,WR
4551,ἀμορία,NOUN,f,4432,WR
4470,ἄμμορος,ADJ,-,4433,
4553,ἄμορος,ADJ,-,4433,
4488,ἀμνημονέω,VERB,-,4451,
58148,μνημονέω,VERB,-,4451,
4491,ἀμνησικακέω,VERB,-,4454,
58157,μνησικακέω,VERB,-,4454,
4493,ἀμνησικακία,NOUN,f,4456,
58159,μνησικακία,NOUN,f,4456,
4494,ἀμνησίκακος,ADJ,-,4457,
58160,μνησίκακος,ADJ,-,4457,
4500,ἀμνίον,NOUN,n,4463,
58186,μνίον,NOUN,n,4463,
4534,ἀμόρα,NOUN,f,4497,
58644,μόρα,NOUN,f,4497,
4548,ἀμοργός,NOUN,m,4511,
4549,Ἀμοργός,NOUN,m,4511,
4564,ἀμουσία,NOUN,f,4524,
91835,ὑομουσία,NOUN,f,4524,
4580,ἀμπελικός,ADJ,-,4540,
4585,ἀμπελιτικός,ADJ,-,4540,
4639,ἀμυγδάλεος,ADJ,-,4598,
4641,ἀμυγδάλινος,ADJ,-,4598,
4653,ἀμυγμός,NOUN,m,4611,
58834,μυγμός,NOUN,m,4611,
4704,ἀμυχμός,NOUN,m,4662,
59303,μυχμός,NOUN,m,4662,
4767,ἀμφιβάλλω,VERB,-,4725,
32481,ἐπαμφιβάλλω,VERB,-,4725,
4951,ἀμφιμάομαι,VERB,-,4909,
5090,ἀμφιτιμάομαι,VERB,-,4909,
5154,ἀμφοτέρωθεν,ADV,-,5111,
5156,ἀμφοτέρως,ADV,-,5111,
5179,ἄν,PART,-,5135,
5180,ἄν,PART,-,5135,
5181,ἀνά,ADP,-,5136,
5182,ἀνά,ADP,-,5136,
5213,ἀναβιώσκομαι,VERB,-,5167,
17156,βιώσκομαι,VERB,-,5167,
5345,ἀναγωγεύς,NOUN,m,5299,
85226,συναγωγεύς,NOUN,m,5299,
5362,ἀναδείκνυμι,VERB,-,5316,
85371,συναναδείκνυμι,VERB,-,5316,
5372,ἀναδενδρίτης,NOUN,m,5326,
20316,δενδρίτης,NOUN,m,5326,
5394,ἀναδικέω,VERB,-,5348,
85237,συναδικέω,VERB,-,5348,
5466,ἀναθαυμάζω,VERB,-,5420,
27256,ἐκθαυμάζω,VERB,-,5420,
41007,θαυμάζω,VERB,-,5420,
5471,ἀναθεματισμός,NOUN,m,5425,
41165,θεματισμός,NOUN,m,5425,
5474,ἀναθερμαίνω,VERB,-,5428,
27268,ἐκθερμαίνω,VERB,-,5428,
41457,θερμαίνω,VERB,-,5428,
5574,ἀνακαίνισις,NOUN,f,5528,
44353,καίνισις,NOUN,f,5528,
5577,ἀνακαίνωσις,NOUN,f,5531,
44402,καίνωσις,NOUN,f,5531,
5580,ἀνακαλαμάομαι,VERB,-,5534,
44790,καλαμάομαι,VERB,-,5534,
5608,ἀνακεφαλαιόομαι,VERB,-,5562,
11121,ἀποκεφαλαιόομαι,VERB,-,5562,
5609,ἀνακεφαλαίωσις,NOUN,f,5563,
48731,κεφαλαίωσις,NOUN,f,5563,
5614,ἀνακηρύσσω,VERB,-,5568,
48966,κηρύσσω,VERB,-,5568,
5618,ἀνακινδυνεύω,VERB,-,5572,
85392,συνανακινδυνεύω,VERB,-,5572,
5661,ἀνακογχυλιασμός,NOUN,m,5615,WR
5664,ἀνακογχυλισμός,NOUN,m,5615,WR
5666,ἀνακοινέω,VERB,-,5619,
49904,κοινανέω,VERB,-,5619,
5690,ἀνακοπτέον,VERB,-,5643,
21167,διακοπτέον,VERB,-,5643,
5709,ἀνακρεμαστήρ,NOUN,m,5662,
51109,κρεμαστήρ,NOUN,m,5662,
5881,ἀναμεταξύ,ADV,-,5834,
57005,μεταξύ,ADV,-,5834,
5887,ἀναμηρυκάομαι,VERB,-,5840,
11482,ἀπομηρυκάομαι,VERB,-,5840,
5961,ἀνανταγώνιστος,ADJ,-,5914,
8030,ἀνταγώνιστος,ADJ,-,5914,
5962,ἀναντάλλακτος,ADJ,-,5915,
8059,ἀντάλλακτος,ADJ,-,5915,
5968,ἀναντίλεκτος,ADJ,-,5921,
8685,ἀντίλεκτος,ADJ,-,5921,
6007,ἀναπαίω,VERB,-,5960,
6008,ἀναπαλαίω,VERB,-,5960,
6029,ἀνάπαυσις,NOUN,f,5981,
32572,ἐπανάπαυσις,NOUN,f,5981,
6049,ἀναπέτομαι,VERB,-,6001,
27844,ἐκπέτομαι,VERB,-,6001,
34680,ἐπιπέτομαι,VERB,-,6001,
70850,πέτομαι,VERB,-,6001,
6099,ἀναπληρωτικός,ADJ,-,6051,
27901,ἐκπληρωτικός,ADJ,-,6051,
71773,πληρωτικός,ADJ,-,6051,
6179,ἀναπτεροποιέω,VERB,-,6131,
78480,πτεροποιέω,VERB,-,6131,
6218,ἀναρίθμησις,NOUN,f,6170,
29928,ἐναρίθμησις,NOUN,f,6170,
6234,ἀναροιβδέω,VERB,-,6186,WR
6265,ἀναρροιβδέω,VERB,-,6186,WR
6278,ἀνάρρυσις,NOUN,f,6229,
6289,ἀνάρυσις,NOUN,f,6229,
6291,ἀναρχία,NOUN,f,6241,
58368,μοναρχία,NOUN,f,6241,
6297,ἀνασβέννυμι,VERB,-,6247,
80434,σβέννυμι,VERB,-,6247,
87346,συσβέννυμι,VERB,-,6247,
6376,ἀναστεναχίζω,VERB,-,6326,
82909,στεναχίζω,VERB,-,6326,
6399,ἀναστράπτω,VERB,-,6349,
85700,συναστράπτω,VERB,-,6349,
6401,ἀναστρατοπεδεία,NOUN,f,6351,
83502,στρατοπεδεία,NOUN,f,6351,
6402,ἀναστρατοπεδεύω,VERB,-,6352,
47275,καταστρατοπεδεύω,VERB,-,6352,
83506,στρατοπεδεύω,VERB,-,6352,
6559,ἀναφθέγγομαι,VERB,-,6509,
22291,διαφθέγγομαι,VERB,-,6509,
6627,ἀναχελύσσομαι,VERB,-,6577,
98020,χελύσσομαι,VERB,-,6577,
6637,ἀναχρέμπτομαι,VERB,-,6587,
28439,ἐκχρέμπτομαι,VERB,-,6587,
98722,χρέμπτομαι,VERB,-,6587,
6671,ἄναψις,NOUN,f,6621,
29995,ἔναψις,NOUN,f,6621,
6694,ἀνδρακάς,NOUN,f,6644,
6695,ἀνδρακάς,NOUN,f,6644,
6810,ἀνδρονομέομαι,VERB,-,6759,
91573,ὑδρονομέομαι,VERB,-,6759,
6840,ἀνδρώδης,ADJ,-,6789,
20346,δενδρώδης,ADJ,-,6789,
6885,ἀνειλέω,VERB,-,6834,
30220,ἐνειλέω,VERB,-,6834,
6886,ἀνείλημα,NOUN,n,6835,
30221,ἐνείλημα,NOUN,n,6835,
6901,ἀνείσακτος,ADJ,-,6850,
85990,συνείσακτος,ADJ,-,6850,
6906,ἀνείσφορος,ADJ,-,6855,
86016,συνείσφορος,ADJ,-,6855,
6942,ἀνεκτικός,ADJ,-,6891,
7431,ἀνθεκτικός,ADJ,-,6891,
6972,ἀνελίσσω,VERB,-,6921,
86156,συνελίσσω,VERB,-,6921,
6973,ἀνελκής,ADJ,-,6922,
44435,κακελκής,ADJ,-,6922,
6979,ἀνέλκωσις,NOUN,f,6928,
15724,ἀφέλκωσις,NOUN,f,6928,
6994,ἀνεμέω,VERB,-,6943,
30241,ἐνεμέω,VERB,-,6943,
7085,ἀνέορτος,ADJ,-,7034,
60014,νέορτος,ADJ,-,7034,
7098,ἀνεπαφροδισία,NOUN,f,7047,
65974,πανεπαφροδισία,NOUN,f,7047,
7122,ἀνεπιδείκνυμι,VERB,-,7071,
86346,συνεπιδείκνυμι,VERB,-,7071,
7229,ἀνεργάζομαι,VERB,-,7178,
30274,ἐνεργάζομαι,VERB,-,7178,
7251,ἀνερμήνευτος,ADJ,-,7200,
24709,δυσερμήνευτος,ADJ,-,7200,
7266,ἀνεσταλμένως,ADV,-,7215,
86514,συνεσταλμένως,ADV,-,7215,
7268,ἀνεστραμμένως,ADV,-,7217,
86521,συνεστραμμένως,ADV,-,7217,
7278,ἄνευ,ADP,-,7227,
7279,ἄνευ,ADP,-,7227,
7300,ἀνευρίσκω,VERB,-,7248,
30318,ἐνευρίσκω,VERB,-,7248,
7307,ἀνευφημέω,VERB,-,7255,
86559,συνευφημέω,VERB,-,7255,
7308,ἀνευφραίνομαι,VERB,-,7256,
30323,ἐνευφραίνομαι,VERB,-,7256,
31844,ἐξευφραίνομαι,VERB,-,7256,
7312,ἀνεύχομαι,VERB,-,7260,
91827,ὐνεύχομαι,VERB,-,7260,
7313,ἀνεφάλλομαι,VERB,-,7261,
30326,ἐνεφάλλομαι,VERB,-,7261,
7353,ἀνήκεστος,ADJ,-,7301,
60259,νήκεστος,ADJ,-,7301,
7357,ἀνήκοος,ADJ,-,7305,
86611,συνήκοος,ADJ,-,7305,
7358,ἀνηκουστέω,VERB,-,7306,
60261,νηκουστέω,VERB,-,7306,
7360,ἀνήκουστος,ADJ,-,7308,
60262,νήκουστος,ADJ,-,7308,
7364,ἀνηλεγής,ADJ,-,7312,
60268,νηλεγής,ADJ,-,7312,
7365,ἀνηλεής,ADJ,-,7313,
60269,νηλεής,ADJ,-,7313,
7387,ἀνηνεμέω,VERB,-,7335,
60284,νηνεμέω,VERB,-,7335,
7389,ἀνήνεμος,ADJ,-,7337,
60286,νήνεμος,ADJ,-,7337,
86627,συνήνεμος,ADJ,-,7337,
7401,ἀνήρης,ADJ,-,7349,
30378,ἑνήρης,ADJ,-,7349,
7414,ἀνηχέω,VERB,-,7362,
30383,ἐνηχέω,VERB,-,7362,
7661,ἀνθυπόστασις,NOUN,f,7608,
9427,ἀνυπόστασις,NOUN,f,7608,
7791,ἀννησοειδής,ADJ,-,7738,
60361,νησοειδής,ADJ,-,7738,
7806,ἄνοδος,NOUN,f,7753,
7807,ἄνοδος,NOUN,f,7753,
7809,ἀνοδύρομαι,VERB,-,7755,
9298,ἀντοδύρομαι,VERB,-,7755,
7812,ἀνόημα,NOUN,n,7758,
60486,νόημα,NOUN,n,7758,
7817,ἀνόητος,ADJ,-,7763,
7927,ἀνόνητος,ADJ,-,7763,
7837,ἀνοικοδομέω,VERB,-,7783,
86863,συνοικοδομέω,VERB,-,7783,
7839,ἀνοικοδόμησις,NOUN,f,7785,
32046,ἐξοικοδόμησις,NOUN,f,7785,
7840,ἀνοικοδομία,NOUN,f,7786,
9302,ἀντοικοδομία,NOUN,f,7786,
7887,ἀνόμιμος,ADJ,-,7833,
60534,νόμιμος,ADJ,-,7833,
7926,ἀνονείδιστος,ADJ,-,7872,
35876,ἐπονείδιστος,ADJ,-,7872,
7933,ἄνοπτος,ADJ,-,7878,
66104,πάνοπτος,ADJ,-,7878,
7947,ἀνορθιάζω,VERB,-,7892,
9322,ἀντορθιάζω,VERB,-,7892,
7978,ἀνόστιμος,ADJ,-,7923,
60636,νόστιμος,ADJ,-,7923,
7995,ἀνουσίωσις,NOUN,f,7940,
86969,συνουσίωσις,NOUN,f,7940,
8009,ἀνοχλητικός,ADJ,-,7954,
65018,ὀχλητικός,ADJ,-,7954,
8062,ἀνταμείβομαι,VERB,-,8005,
8111,ἀνταπαμείβομαι,VERB,-,8005,
8209,ἀντεκτείνω,VERB,-,8151,
8291,ἀντεπεκτείνω,VERB,-,8151,
8266,ἀντεξέρχομαι,VERB,-,8208,
8296,ἀντεπεξέρχομαι,VERB,-,8208,
8394,ἀντί,ADP,-,8334,
8395,ἀντί,ADP,-,8334,
8397,ἀντιάνειρα,NOUN,f,8336,
18218,βωτιάνειρα,NOUN,f,8336,
8408,ἀντιβάλλω,VERB,-,8347,
85501,συναντιβάλλω,VERB,-,8347,
8422,ἀντιβλασφημέω,VERB,-,8361,
33281,ἐπιβλασφημέω,VERB,-,8361,
8448,ἀντιγλαυκισμός,NOUN,m,8387,
18897,γλαυκισμός,NOUN,m,8387,
18983,γλυκισμός,NOUN,m,8387,
8487,ἀντιδιανυκτερεύω,VERB,-,8426,
21552,διανυκτερεύω,VERB,-,8426,
8692,ἀντιληπτικός,ADJ,-,8630,
53673,ληπτικός,ADJ,-,8630,
8700,ἀντιλογητικός,ADJ,-,8638,WR
8703,ἀντιλογικός,ADJ,-,8638,WR
8810,ἀντίον,NOUN,n,8747,
8811,ἀντίον,NOUN,n,8747,
8812,ἀντίον,NOUN,n,8747,
8820,ἀντιπαγκρατιάζω,VERB,-,8755,
65209,παγκρατιάζω,VERB,-,8755,
8893,ἀντιπαρρησιάζομαι,VERB,-,8828,
34643,ἐπιπαρρησιάζομαι,VERB,-,8828,
68257,παρρησιάζομαι,VERB,-,8828,
8906,ἀντιπέρα,ADV,-,8841,WR
8909,ἀντιπέραν,ADV,-,8841,WR
8910,ἀντιπέρας,ADV,-,8841,WR
8914,ἀντιπεριβάλλω,VERB,-,8847,
69361,περιβάλλω,VERB,-,8847,
8919,ἀντιπεριλαμβάνω,VERB,-,8852,
29297,ἐμπεριλαμβάνω,VERB,-,8852,
69823,περιλαμβάνω,VERB,-,8852,
8957,ἀντιποθέω,VERB,-,8890,
8973,ἀντιπορθέω,VERB,-,8890,
8999,ἀντιπροσαγορεύω,VERB,-,8931,
75954,προσαγορεύω,VERB,-,8931,
9169,ἀντιτιμώρησις,NOUN,f,9101,
89551,τιμώρησις,NOUN,f,9101,
9380,ἀνυμεναιόω,VERB,-,9308,
87146,συνυμεναιόω,VERB,-,9308,
9423,ἀνύποπτος,ADJ,-,9351,
31123,ἐνύποπτος,ADJ,-,9351,
9428,ἀνυπόστατος,ADJ,-,9355,
31125,ἐνυπόστατος,ADJ,-,9355,
9466,ἀνώδυνος,ADJ,-,9393,
60888,νώδυνος,ADJ,-,9393,
9480,ἀνωμολογημένως,ADV,-,9407,
100103,ὡμολογημένως,ADV,-,9407,
9488,ἀνωνυμία,NOUN,f,9415,
60912,νωνυμία,NOUN,f,9415,
9489,ἀνώνυμος,ADJ,-,9416,
60914,νώνυμος,ADJ,-,9416,
9620,ἄοζος,NOUN,m,9547,
9621,ἄοζος,NOUN,m,9547,
9631,ἀοιδός,NOUN,m,9557,
9632,ἀοιδός,NOUN,m,9557,
9772,ἀπαλγέω,VERB,-,9697,
91894,ὑπαλγέω,VERB,-,9697,
9791,ἀπάλλαξις,NOUN,f,9716,
32454,ἐπάλλαξις,NOUN,f,9716,
65500,πάλαξις,NOUN,f,9716,
91905,ὑπάλλαξις,NOUN,f,9716,
9792,ἀπαλλάσσω,VERB,-,9717,
66878,παραλλάσσω,VERB,-,9717,
9818,ἁπαλύνω,VERB,-,9743,
65693,παλύνω,VERB,-,9743,
9851,ἀπαναλίσκω,VERB,-,9776,
91935,ὑπαναλίσκω,VERB,-,9776,
9880,ἁπανταχόθεν,ADV,-,9805,
66172,πανταχόθεν,ADV,-,9805,
9886,ἀπάντησις,NOUN,f,9811,
91969,ὑπάντησις,NOUN,f,9811,
9888,ἀπαντητήριον,NOUN,n,9813,
66703,παρακεντητήριον,NOUN,n,9813,
9896,ἀπάντομαι,VERB,-,9821,
91976,ὑπάντομαι,VERB,-,9821,
9925,ἀπαράκλητος,ADJ,-,9850,
66734,παράκλητος,ADJ,-,9850,
9936,ἀπαράλυτος,ADJ,-,9861,
66915,παράλυτος,ADJ,-,9861,
9939,ἀπαράμονος,ADJ,-,9864,
66964,παράμονος,ADJ,-,9864,
9947,ἀπαράσημος,ADJ,-,9872,
67254,παράσημος,ADJ,-,9872,
9963,ἀπαραχώρητος,ADJ,-,9888,
38307,εὐπαραχώρητος,ADJ,-,9888,
9983,ἀπαριθμέω,VERB,-,9908,
32752,ἐπαριθμέω,VERB,-,9908,
9994,ἀπάρκτιος,ADJ,-,9919,
92008,ὑπάρκτιος,ADJ,-,9919,
10010,ἀπαρτής,ADJ,-,9935,
32769,ἐπαρτής,ADJ,-,9935,
10054,ἀπάτημα,NOUN,n,9979,
68415,πάτημα,NOUN,n,9979,
10057,ἀπάτησις,NOUN,f,9982,
68417,πάτησις,NOUN,f,9982,
10058,ἀπατητής,NOUN,m,9983,
68420,πατητής,NOUN,m,9983,
10071,ἀπάτωρ,NOUN,m,9996,
68508,πάτωρ,NOUN,m,9996,
10077,ἀπαυγής,ADJ,-,10002,
92050,ὑπαυγής,ADJ,-,10002,
10083,ἀπαυλισμός,NOUN,m,10008,
32815,ἐπαυλισμός,NOUN,m,10008,
10108,ἀπεγνωσμένως,ADV,-,10033,
32881,ἐπεγνωσμένως,ADV,-,10033,
10109,ἀπεδανός,ADJ,-,10034,
40641,ἠπεδανός,ADJ,-,10034,
68585,πεδανός,ADJ,-,10034,
10119,ἀπειθαρχία,NOUN,f,10044,
68668,πειθαρχία,NOUN,f,10044,
10168,ἀπειροειδής,ADJ,-,10093,
82374,σπειροειδής,ADJ,-,10093,
10196,ἀπεκβαίνω,VERB,-,10121,
32966,ἐπεκβαίνω,VERB,-,10121,
10197,ἀπεκβάλλω,VERB,-,10122,
32967,ἐπεκβάλλω,VERB,-,10122,
92090,ὑπεκβάλλω,VERB,-,10122,
10208,ἀπεκλανθάνομαι,VERB,-,10133,
11309,ἀπολανθάνομαι,VERB,-,10133,
10209,ἀπεκλέγομαι,VERB,-,10134,
32981,ἐπεκλέγομαι,VERB,-,10134,
10221,ἀπέλασις,NOUN,f,10146,
33001,ἐπέλασις,NOUN,f,10146,
68758,πέλασις,NOUN,f,10146,
10265,ἀπενέπω,VERB,-,10190,WR
10272,ἀπεννέπω,VERB,-,10190,WR
10274,ἀπεντεῦθεν,ADV,-,10198,
33069,ἐπεντεῦθεν,ADV,-,10198,
10276,ἀπεξαιρέω,VERB,-,10200,
92185,ὑπεξαιρέω,VERB,-,10200,
10278,ἀπεξηγέομαι,VERB,-,10202,
33098,ἐπεξηγέομαι,VERB,-,10202,
10285,ἀπέπειρος,ADJ,-,10209,
59981,νεοπέπειρος,ADJ,-,10209,
69163,πέπειρος,ADJ,-,10209,
10293,ἀπέρασις,NOUN,f,10217,
69224,πέρασις,NOUN,f,10217,
10302,ἄπεργος,ADJ,-,10226,
92391,ὕπεργος,ADJ,-,10226,
10310,ἀπερεύγομαι,VERB,-,10234,
33120,ἐπερεύγομαι,VERB,-,10234,
92503,ὑπερεύγομαι,VERB,-,10234,
10322,ἀπερίεργος,ADJ,-,10246,
69543,περίεργος,ADJ,-,10246,
10330,ἀπερίκτητος,ADJ,-,10254,
69792,περίκτητος,ADJ,-,10254,
10332,ἀπεριλάλητος,ADJ,-,10256,
69821,περιλάλητος,ADJ,-,10256,
10338,ἀπερίοπτος,ADJ,-,10262,
69983,περίοπτος,ADJ,-,10262,
10339,ἀπεριόριστος,ADJ,-,10263,
69994,περιόριστος,ADJ,-,10263,
10343,ἀπερίπτυκτος,ADJ,-,10267,
70175,περίπτυκτος,ADJ,-,10267,
10351,ἀπερίστατος,ADJ,-,10275,
70359,περίστατος,ADJ,-,10275,
10352,ἀπερίστικτος,ADJ,-,10276,
70401,περίστικτος,ADJ,-,10276,
10362,ἀπερίψυκτος,ADJ,-,10286,
70718,περίψυκτος,ADJ,-,10286,
10373,ἀπέρχομαι,VERB,-,10297,
33125,ἐπέρχομαι,VERB,-,10297,
10387,ἀπέτηλος,ADJ,-,10311,
70847,πέτηλος,ADJ,-,10311,
10411,ἀπεφεισμένως,ADV,-,10335,
70914,πεφεισμένως,ADV,-,10335,
10451,ἀπήνη,NOUN,f,10375,
71030,πήνη,NOUN,f,10375,
10481,ἀπιθανότης,NOUN,f,10405,
71112,πιθανότης,NOUN,f,10405,
10487,ἀπικρόχολος,ADJ,-,10411,
71164,πικρόχολος,ADJ,-,10411,
10496,ἀπιοειδής,ADJ,-,10420,
71250,πιοειδής,ADJ,-,10420,
10498,ἄπιος,NOUN,f,10422,
10499,ἄπιος,NOUN,f,10422,
10550,ἄπληκτος,ADJ,-,10473,
27893,ἔκπληκτος,ADJ,-,10473,
10565,ἁπλοειδής,ADJ,-,10488,
52291,κωλοειδής,ADJ,-,10488,
10567,ἁπλοϊκός,ADJ,-,10490,
71852,πλοϊκός,ADJ,-,10490,
10593,ἀπνεύματος,ADJ,-,10516,
11719,ἀποπνεύματος,ADJ,-,10516,
10603,ἀπό,ADP,-,10526,
10604,ἀπό,ADP,-,10526,
10613,ἀποβάπτω,VERB,-,10535,
93061,ὑποβάπτω,VERB,-,10535,
10643,ἀπόβλητος,ADJ,-,10565,
93091,ὑπόβλητος,ADJ,-,10565,
10651,ἀποβολιμαῖος,ADJ,-,10573,
93098,ὑποβολιμαῖος,ADJ,-,10573,
10655,ἀποβόσκομαι,VERB,-,10577,
93102,ὑποβόσκομαι,VERB,-,10577,
10701,ἀπογλαύκωσις,NOUN,f,10623,
93139,ὑπογλαύκωσις,NOUN,f,10623,
10720,ἀπογραφεύς,NOUN,m,10642,
93157,ὑπογραφεύς,NOUN,m,10642,
10769,ἀποδέκομαι,VERB,-,10691,
93190,ὑποδέκομαι,VERB,-,10691,
10776,ἀποδέρκομαι,VERB,-,10698,
93205,ὑποδέρκομαι,VERB,-,10698,
10787,ἀποδέχομαι,VERB,-,10709,
72018,ποδδέχομαι,VERB,-,10709,
93219,ὑποδέχομαι,VERB,-,10709,
10799,ἀποδιαιρέω,VERB,-,10721,
93237,ὑποδιαιρέω,VERB,-,10721,
10812,ἀποδιαστέλλω,VERB,-,10734,
22018,διαστέλλω,VERB,-,10734,
10826,ἀπόδικος,ADJ,-,10748,
93258,ὑπόδικος,ADJ,-,10748,
10882,ἀποδύρομαι,VERB,-,10804,
35819,ἐποδύρομαι,VERB,-,10804,
10888,ἀποδυτήριον,NOUN,n,10810,
93304,ὑποδυτήριον,NOUN,n,10810,
10898,ἀποζέννυμι,VERB,-,10820,
29839,ἐναποζέννυμι,VERB,-,10820,
10903,ἀπόζευξις,NOUN,f,10825,
93315,ὑπόζευξις,NOUN,f,10825,
10915,ἀποθαλασσόω,VERB,-,10837,
40894,θαλασσόω,VERB,-,10837,
10917,ἀποθαρρέω,VERB,-,10839,
93333,ὑποθαρρέω,VERB,-,10839,
10924,ἀποθεμελιόω,VERB,-,10846,
41172,θεμελιόω,VERB,-,10846,
75078,προθεμελιόω,VERB,-,10846,
10933,ἀποθεραπεύω,VERB,-,10855,
93338,ὑποθεραπεύω,VERB,-,10855,
10943,ἀποθετικός,ADJ,-,10865,
60565,νομοθετικός,ADJ,-,10865,
10946,ἀποθεωρέω,VERB,-,10868,
93348,ὑποθεωρέω,VERB,-,10868,
10958,ἀποθησαυρίζω,VERB,-,10880,
27289,ἐκθησαυρίζω,VERB,-,10880,
41796,θησαυρίζω,VERB,-,10880,
10959,ἀποθησαυρισμός,NOUN,m,10881,
41799,θησαυρισμός,NOUN,m,10881,
11007,ἀποικονομέω,VERB,-,10929,
86864,συνοικονομέω,VERB,-,10929,
11008,ἀποικονόμησις,NOUN,f,10930,
32049,ἐξοικονόμησις,NOUN,f,10930,
11019,ἀποινόδικος,ADJ,-,10941,
49925,κοινόδικος,ADJ,-,10941,
11033,ἀποκάθαρμα,NOUN,n,10955,
44111,κάθαρμα,NOUN,n,10955,
11034,ἀποκάθαρσις,NOUN,f,10956,
44127,κάθαρσις,NOUN,f,10956,
93398,ὑποκάθαρσις,NOUN,f,10956,
11035,ἀποκαθαρτέον,ADJ,-,10957,
44128,καθαρτέος,ADJ,-,10957,
11071,ἀποκαρπόω,VERB,-,10993,
45601,καρπόω,VERB,-,10993,
11078,ἀποκαταβαίνω,VERB,-,11000,
25688,ἐγκαταβαίνω,VERB,-,11000,
45744,καταβαίνω,VERB,-,11000,
45759,καταβασκαίνω,VERB,-,11000,
11082,ἀποκαταλαμβάνω,VERB,-,11004,
46381,καταλαμβάνω,VERB,-,11004,
83959,συγκαταλαμβάνω,VERB,-,11004,
11110,ἀποκεκρυμμένως,ADV,-,11032,
33941,ἐπικεκρυμμένως,ADV,-,11032,
48282,κεκρυμμένως,ADV,-,11032,
11115,ἀποκέντησις,NOUN,f,11037,
21096,διακέντησις,NOUN,f,11037,
48423,κέντησις,NOUN,f,11037,
11125,ἀποκεχωρισμένως,ADV,-,11046,
21105,διακεχωρισμένως,ADV,-,11046,
48779,κεχωρισμένως,ADV,-,11046,
11131,ἀποκηρύσσω,VERB,-,11052,
93469,ὑποκηρύσσω,VERB,-,11052,
11136,ἀποκινδυνεύω,VERB,-,11057,
49115,κινδυνεύω,VERB,-,11057,
93472,ὑποκινδυνεύω,VERB,-,11057,
11137,ἀποκινέω,VERB,-,11058,
93474,ὑποκινέω,VERB,-,11058,
11186,ἀποκολακεύω,VERB,-,11107,
93507,ὑποκολακεύω,VERB,-,11107,
11196,ἀποκομιστής,NOUN,m,11117,
50259,κομιστής,NOUN,m,11117,
11199,ἀποκονδυλόομαι,VERB,-,11120,
50318,κονδυλόομαι,VERB,-,11120,
11217,ἀποκοτταβίζω,VERB,-,11138,
50756,κοτταβίζω,VERB,-,11138,
11218,ἀποκοτταβισμός,NOUN,m,11139,
50760,κοτταβισμός,NOUN,m,11139,
11253,ἀποκρουστικός,ADJ,-,11174,
21219,διακρουστικός,ADJ,-,11174,
51441,κρουστικός,ADJ,-,11174,
11259,ἀποκρυσταλλόομαι,VERB,-,11180,
51481,κρυσταλλόομαι,VERB,-,11180,
11261,ἀπόκρυφος,ADJ,-,11182,
93548,ὑπόκρυφος,ADJ,-,11182,
11287,ἀποκυρτόομαι,VERB,-,11208,
93560,ὑποκυρτόομαι,VERB,-,11208,
11304,ἀπολαλέω,VERB,-,11225,
93572,ὑπολαλέω,VERB,-,11225,
11328,ἀπόλειψις,NOUN,f,11248,
93589,ὑπόλειψις,NOUN,f,11248,
11346,ἀπόληξις,NOUN,f,11266,
93604,ὑπόληξις,NOUN,f,11266,
11349,ἀποληρέω,VERB,-,11269,
93607,ὑποληρέω,VERB,-,11269,
11350,ἀπόληψις,NOUN,f,11270,
93610,ὑπόληψις,NOUN,f,11270,
11364,ἀπολισθάνω,VERB,-,11284,
35862,ἐπολισθάνω,VERB,-,11284,
11411,ἀπολυπράγμων,ADJ,-,11331,
73058,πολυπράγμων,ADJ,-,11331,
11428,ἀπομαγδαλία,NOUN,f,11348,
11429,ἀπομαγδαλίς,NOUN,f,11348,
11440,ἀπομαλακίζομαι,VERB,-,11359,
55209,μαλακίζομαι,VERB,-,11359,
93650,ὑπομαλακίζομαι,VERB,-,11359,
11441,ἀπομαλθακίζομαι,VERB,-,11360,
55265,μαλθακίζομαι,VERB,-,11360,
11450,ἀπομαρτυρέω,VERB,-,11369,
93658,ὑπομαρτυρέω,VERB,-,11369,
11451,ἀπομαρτύρομαι,VERB,-,11370,
55488,μαρτύρομαι,VERB,-,11370,
75510,προμαρτύρομαι,VERB,-,11370,
11456,ἀπομάχομαι,VERB,-,11375,
55673,μάχομαι,VERB,-,11375,
75519,προμάχομαι,VERB,-,11375,
11465,ἀπομέλανσις,NOUN,f,11384,
56213,μέλανσις,NOUN,f,11384,
11468,ἀπομέμφομαι,VERB,-,11387,
93674,ὑπομέμφομαι,VERB,-,11387,
11483,ἀπομηρύομαι,VERB,-,11401,
57575,μηρύομαι,VERB,-,11401,
11510,ἀπομοτικός,ADJ,-,11428,
12753,ἀπωμοτικός,ADJ,-,11428,
11521,ἀπόμυξις,NOUN,f,11439,
93723,ὑπόμυξις,NOUN,f,11439,
11673,ἀποπίμπλημι,VERB,-,11591,
93833,ὑποπίμπλημι,VERB,-,11591,
11708,ἀπόπλοος,NOUN,m,11626,
11709,ἀπόπλοος,NOUN,m,11626,
11772,ἀποπτίσσω,VERB,-,11688,
93897,ὑποπτίσσω,VERB,-,11688,
11808,ἀπόρημα,NOUN,n,11724,
11845,ἀπόρρημα,NOUN,n,11724,
11827,ἀπορραίνω,VERB,-,11743,
11867,ἀπορρυπαίνω,VERB,-,11743,
11843,ἀπορρέω,VERB,-,11759,
93935,ὑπορρέω,VERB,-,11759,
11844,ἀπορρήγνυμι,VERB,-,11760,
93936,ὑπορρήγνυμι,VERB,-,11760,
11876,ἀπορχέομαι,VERB,-,11790,
93955,ὑπορχέομαι,VERB,-,11790,
11894,ἀποσημειόομαι,VERB,-,11808,
93981,ὑποσημειόομαι,VERB,-,11808,
11915,ἀποσκέπτομαι,VERB,-,11829,
94004,ὑποσκέπτομαι,VERB,-,11829,
11936,ἀποσκολοπίζω,VERB,-,11850,
81740,σκολοπίζω,VERB,-,11850,
11937,ἀποσκοπεύω,VERB,-,11851,
81765,σκοπεύω,VERB,-,11851,
11979,ἀποσπάδων,NOUN,m,11893,
82246,σπάδων,NOUN,m,11893,
11981,ἀποσπάραγμα,NOUN,n,11895,
82299,σπάραγμα,NOUN,n,11895,
11998,ἀποσπερματισμός,NOUN,m,11912,
82403,σπερματισμός,NOUN,m,11912,
11999,ἀποσπερματόομαι,VERB,-,11913,
82407,σπερματόομαι,VERB,-,11913,
82427,σπερμόομαι,VERB,-,11913,
12001,ἀποσπινθηρίζω,VERB,-,11915,
82469,σπινθηρίζω,VERB,-,11915,
12004,ἀποσπογγίζω,VERB,-,11918,
94050,ὑποσπογγίζω,VERB,-,11918,
12068,ἀποστήριγμα,NOUN,n,11982,
94085,ὑποστήριγμα,NOUN,n,11982,
12126,ἀποσυρίζω,VERB,-,12040,
94141,ὑποσυρίζω,VERB,-,12040,
12130,ἀπόσφαγμα,NOUN,n,12044,
94146,ὑπόσφαγμα,NOUN,n,12044,
12141,ἀποσφενδονάω,VERB,-,12055,
22086,διασφενδονάω,VERB,-,12055,
87623,σφενδονάω,VERB,-,12055,
12180,ἀποτακτικός,NOUN,m,12094,
77869,προτακτικός,NOUN,m,12094,
12185,ἀποτανύω,VERB,-,12099,
94179,ὑποτανύω,VERB,-,12099,
12235,ἀπότευξις,NOUN,f,12149,
94203,ὑπότευξις,NOUN,f,12149,
12241,ἀποτηρέω,VERB,-,12155,
94207,ὑποτηρέω,VERB,-,12155,
12252,ἀποτίμησις,NOUN,f,12166,
94212,ὑποτίμησις,NOUN,f,12166,
12271,ἀπότοκος,NOUN,m,12185,
12272,ἀπότοκος,NOUN,m,12185,
12282,ἀποτορεύω,VERB,-,12195,
12283,ἀποτορνεύω,VERB,-,12195,
12310,ἀποτροπή,NOUN,f,12222,
77970,προτροπή,NOUN,f,12222,
12335,ἀποτύμβιος,ADJ,-,12247,
94287,ὑποτύμβιος,ADJ,-,12247,
12342,ἀποτύπωσις,NOUN,f,12254,
94291,ὑποτύπωσις,NOUN,f,12254,
12357,ἀπουρέω,VERB,-,12269,
94314,ὑπουρέω,VERB,-,12269,
12370,ἀποφαλακρόομαι,VERB,-,12282,
94919,φαλακρόομαι,VERB,-,12282,
12396,ἀποφθεγματικός,ADJ,-,12308,
95316,φθεγματικός,ADJ,-,12308,
12403,ἀποφλαυρίζω,VERB,-,12315,
28351,ἐκφλαυρίζω,VERB,-,12315,
96239,φλαυρίζω,VERB,-,12315,
12405,ἀποφλεγματίζω,VERB,-,12317,
94351,ὑποφλεγματίζω,VERB,-,12317,
12406,ἀποφλεγματικός,ADJ,-,12318,
96269,φλεγματικός,ADJ,-,12318,
12407,ἀποφλεγματισμός,NOUN,m,12319,
96271,φλεγματισμός,NOUN,m,12319,
12421,ἀποφορέω,VERB,-,12333,
94361,ὑποφορέω,VERB,-,12333,
12488,ἀποχρέμπτομαι,VERB,-,12400,
94427,ὑποχρέμπτομαι,VERB,-,12400,
12505,ἀπόχυτος,ADJ,-,12417,
94441,ὑπόχυτος,ADJ,-,12417,
12509,ἀποχωρέω,VERB,-,12421,
94445,ὑποχωρέω,VERB,-,12421,
12577,ἀπρόδικος,ADJ,-,12489,
74651,πρόδικος,ADJ,-,12489,
12582,ἀπρόθυμος,ADJ,-,12494,
75114,πρόθυμος,ADJ,-,12494,
12591,ἀπρόληπτος,ADJ,-,12502,
12644,ἀπρόσληπτος,ADJ,-,12502,
12603,ἀπρόοπτος,ADJ,-,12514,
75686,πρόοπτος,ADJ,-,12514,
12608,ἀπρόρρητος,ADJ,-,12519,
75928,πρόρρητος,ADJ,-,12519,
12630,ἀπροσηνής,ADJ,-,12541,
76853,προσηνής,ADJ,-,12541,
12631,ἀπροσθετέω,VERB,-,12542,
76874,προσθετέω,VERB,-,12542,
12640,ἀπρόσκοπος,ADJ,-,12551,
77102,πρόσκοπος,ADJ,-,12551,
12642,ἀπροσκορής,ADJ,-,12553,
77105,προσκορής,ADJ,-,12553,
12660,ἀπρόσπλοκος,ADJ,-,12570,
41322,θεοπρόσπλοκος,ADJ,-,12570,
77422,πρόσπλοκος,ADJ,-,12570,
12673,ἀπροσφυής,ADJ,-,12583,
77771,προσφυής,ADJ,-,12583,
12683,ἀπροτίοπτος,ADJ,-,12593,
77947,προτίοπτος,ADJ,-,12593,
12684,ἀπροφανής,ADJ,-,12594,
78057,προφανής,ADJ,-,12594,
12686,ἀπρόφατος,ADJ,-,12596,
78067,πρόφατος,ADJ,-,12596,
12697,ἀπτερύσσομαι,VERB,-,12607,
78509,πτερύσσομαι,VERB,-,12607,
12789,ἀράζω,VERB,-,12698,WR
13406,ἀρράζω,VERB,-,12698,WR
12825,ἀρατήριον,NOUN,n,12734,
73905,πρατήριον,NOUN,n,12734,
13008,Ἄρειος,NOUN,m,12917,
13009,Ἄρειος,NOUN,m,12917,
13011,ἄρεκτος,ADJ,-,12919,WR
13412,ἄρρεκτος,ADJ,-,12919,WR
13038,ἀρή,NOUN,f,12946,
13039,ἀρή,NOUN,f,12946,
13052,ἀρητήριον,NOUN,n,12959,
13127,ἀριστητήριον,NOUN,n,12959,
13286,ἁρμοστικός,ADJ,-,13192,
85662,συναρμοστικός,ADJ,-,13192,
13386,ἅρπασις,NOUN,f,13292,
21835,διάρπασις,NOUN,f,13292,
13853,ἀρχιπατριώτης,NOUN,m,13757,
68447,πατριώτης,NOUN,m,13757,
13913,ἀρωματίζω,VERB,-,13817,
83665,στρωματίζω,VERB,-,13817,
13929,ἀσάμινθος,NOUN,f,13833,
13930,ἀσάμινθος,NOUN,f,13833,
14044,ἀσκαρδαμυκτέω,VERB,-,13947,
81324,σκαρδαμυκτέω,VERB,-,13947,
14108,ἀσκωληκόβρωτος,ADJ,-,14011,
82023,σκωληκόβρωτος,ADJ,-,14011,
14130,ἀσόλοικος,ADJ,-,14033,
82178,σόλοικος,ADJ,-,14033,
14146,ἀσπαρίζω,VERB,-,14049,
82320,σπαρίζω,VERB,-,14049,
14231,ἄστατος,ADJ,-,14134,
94532,ὕστατος,ADJ,-,14134,
14258,ἀστερίζω,VERB,-,14161,
83009,στερίζω,VERB,-,14161,
94541,ὑστερίζω,VERB,-,14161,
14276,ἀστεροπή,NOUN,f,14179,
83038,στεροπή,NOUN,f,14179,
14311,ἄστλιγξ,NOUN,f,14214,
64519,ὄστλιγξ,NOUN,f,14214,
14336,ἀστράβηλος,NOUN,m,14239,
83429,στράβηλος,NOUN,m,14239,
14383,ἀστροβλησία,NOUN,f,14286,WR
14386,ἀστροβολησία,NOUN,f,14286,WR
14466,ἀσυγγενής,ADJ,-,14368,
83807,συγγενής,ADJ,-,14368,
14468,ἀσυγγνώμων,ADJ,-,14370,
83829,συγγνώμων,ADJ,-,14370,
14480,ἀσύγκρατος,ADJ,-,14382,
84167,σύγκρατος,ADJ,-,14382,
14505,ἀσύμμαχος,ADJ,-,14407,
84582,σύμμαχος,ADJ,-,14407,
14506,ἀσύμμετρος,ADJ,-,14408,
84636,σύμμετρος,ADJ,-,14408,
14511,ἀσυμπαθής,ADJ,-,14413,
84697,συμπαθής,ADJ,-,14413,
14515,ἀσύμπλεκτος,ADJ,-,14417,
84921,σύμπλεκτος,ADJ,-,14417,
14517,ἀσύμπλοκος,ADJ,-,14419,
84942,σύμπλοκος,ADJ,-,14419,
14523,ἀσύμφορος,ADJ,-,14425,
85122,σύμφορος,ADJ,-,14425,
14526,ἀσύμφυτος,ADJ,-,14428,
85159,σύμφυτος,ADJ,-,14428,
14527,ἀσυμφωνέω,VERB,-,14429,
85161,συμφωνέω,VERB,-,14429,
14528,ἀσυμφωνία,NOUN,f,14430,
85164,συμφωνία,NOUN,f,14430,
14532,ἀσυνακόλουθος,ADJ,-,14434,
85292,συνακόλουθος,ADJ,-,14434,
14543,ἀσύνδηλος,ADJ,-,14445,
85788,σύνδηλος,ADJ,-,14445,
14551,ἀσυνεσία,NOUN,f,14453,
14559,ἀσυνθεσία,NOUN,f,14453,
14665,ἀταλαίπωρος,ADJ,-,14566,
88111,ταλαίπωρος,ADJ,-,14566,
14682,ἀταραχώδης,ADJ,-,14583,
88293,ταραχώδης,ADJ,-,14583,
14708,ἀτεκνόω,VERB,-,14609,
28166,ἐκτεκνόω,VERB,-,14609,
88659,τεκνόω,VERB,-,14609,
14709,ἀτέκνωσις,NOUN,f,14610,
88661,τέκνωσις,NOUN,f,14610,
14727,ἄτερ,ADP,-,14628,
14728,ἄτερ,ADP,-,14628,
14763,ἀτημελέω,VERB,-,14663,
89420,τημελέω,VERB,-,14663,
14790,ἀτιμόω,VERB,-,14690,
89546,τιμόω,VERB,-,14690,
14803,Ἄτλας,NOUN,m,14703,
14804,ἄτλας,NOUN,m,14703,
14840,ἀτονόω,VERB,-,14739,
89756,τονόω,VERB,-,14739,
15241,αὐτογένητος,ADJ,-,15140,
15243,αὐτογέννητος,ADJ,-,15140,
15427,αὐτοπάθεια,NOUN,f,15324,
88447,ταὐτοπάθεια,NOUN,f,15324,
15441,αὐτοποδία,NOUN,f,15338,
88448,ταὐτοποδία,NOUN,f,15338,
15527,αὐτοτελειότης,NOUN,f,15424,
88690,τελειότης,NOUN,f,15424,
15551,αὐτοφανής,ADJ,-,15448,
88457,ταὐτοφανής,ADJ,-,15448,
15674,ἀφαντασίαστος,ADJ,-,15571,
15675,ἀφαντασίωτος,ADJ,-,15571,
15734,ἀφερεπονία,NOUN,f,15629,
95233,φερεπονία,NOUN,f,15629,
15735,ἀφερέπονος,ADJ,-,15630,
95234,φερέπονος,ADJ,-,15630,
15812,ἄφθογγος,ADJ,-,15707,
25247,δύσφθογγος,ADJ,-,15707,
15825,ἀφιδρωτήριον,NOUN,n,15720,
42709,ἱδρωτήριον,NOUN,n,15720,
15835,ἀφιλάγαθος,ADJ,-,15730,
95419,φιλάγαθος,ADJ,-,15730,
15837,ἀφιλάνθρωπος,ADJ,-,15732,
95481,φιλάνθρωπος,ADJ,-,15732,
15838,ἀφιλαργυρία,NOUN,f,15733,
95492,φιλαργυρία,NOUN,f,15733,
15839,ἀφιλάργυρος,ADJ,-,15734,
95493,φιλάργυρος,ADJ,-,15734,
15848,ἀφιλοδοξέω,VERB,-,15743,
95724,φιλοδοξέω,VERB,-,15743,
15849,ἀφιλόδοξος,ADJ,-,15744,
95726,φιλόδοξος,ADJ,-,15744,
15850,ἀφιλοικτίρμων,ADJ,-,15745,
95773,φιλοικτίρμων,ADJ,-,15745,
15853,ἀφιλόκαλος,ADJ,-,15748,
95791,φιλόκαλος,ADJ,-,15748,
15854,ἀφιλόλογος,ADJ,-,15749,
95856,φιλόλογος,ADJ,-,15749,
15858,ἀφιλοπλουτία,NOUN,f,15753,
95961,φιλοπλουτία,NOUN,f,15753,
15863,ἀφιλοσοφία,NOUN,f,15758,
96044,φιλοσοφία,NOUN,f,15758,
15865,ἀφιλοστοργία,NOUN,f,15760,
96059,φιλοστοργία,NOUN,f,15760,
15866,ἀφιλόστοργος,ADJ,-,15761,
96060,φιλόστοργος,ADJ,-,15761,
15869,ἀφιλοχρηματία,NOUN,f,15764,
96140,φιλοχρηματία,NOUN,f,15764,
15870,ἀφιλόψυχος,ADJ,-,15765,
96169,φιλόψυχος,ADJ,-,15765,
15872,ἀφίμωσις,NOUN,f,15767,
96216,φίμωσις,NOUN,f,15767,
15874,ἀφιππάζομαι,VERB,-,15769,
39264,ἐφιππάζομαι,VERB,-,15769,
15880,ἀφίπταμαι,VERB,-,15775,
39271,ἐφίπταμαι,VERB,-,15775,
15899,ἀφοβέω,VERB,-,15794,
96417,φοβέω,VERB,-,15794,
15938,ἀφορμάω,VERB,-,15833,
39313,ἐφορμάω,VERB,-,15833,
15945,ἀφορολόγητος,ADJ,-,15840,
96612,φορολόγητος,ADJ,-,15840,
15956,ἀφραδής,ADJ,-,15851,
96671,φραδής,ADJ,-,15851,
15963,ἀφραστύς,NOUN,f,15858,
96688,φραστύς,NOUN,f,15858,
15979,ἀφρογένεια,NOUN,f,15874,
58420,μονογένεια,NOUN,f,15874,
15993,ἀφρόνησις,NOUN,f,15888,
96794,φρόνησις,NOUN,f,15888,
16114,ἀχειροποίητος,ADJ,-,16009,
97936,χειροποίητος,ADJ,-,16009,
16184,ἀχρειόω,VERB,-,16079,
98712,χρειόω,VERB,-,16079,
16197,ἀχρησιμότης,NOUN,f,16092,
98780,χρησιμότης,NOUN,f,16092,
16325,ἄωρος,NOUN,m,16220,
16326,ἄωρος,NOUN,m,16220,
16335,βαβάζω,VERB,-,16229,
27000,ἐκβαβάζω,VERB,-,16229,
16380,βαθυδίνης,NOUN,m,16274,
16381,βαθυδίνης,NOUN,m,16274,
16410,βαθύπεπλος,ADJ,-,16303,
16417,βαθύπλοος,ADJ,-,16303,
16450,βαθύσχινος,ADJ,-,16342,
16451,βαθύσχοινος,ADJ,-,16342,
16472,βαιός,ADJ,-,16363,
39905,ἠβαιός,ADJ,-,16363,
16492,βακτήριον,NOUN,n,16383,
55190,μακτήριον,NOUN,n,16383,
16513,Βάκχευσις,NOUN,f,16404,
27003,ἐκβάκχευσις,NOUN,f,16404,
16545,βαλανηφόρος,ADJ,-,16436,
25473,ἑανηφόρος,ADJ,-,16436,
16592,βάλλω,VERB,-,16483,
61361,ὀβάλλω,VERB,-,16483,
16601,βαμβαίνω,VERB,-,16492,
40936,θαμβαίνω,VERB,-,16492,
16664,βαρίτης,NOUN,m,16555,
83781,Συβαρίτης,NOUN,m,16555,
16799,βασανίζω,VERB,-,16690,
27008,ἐκβασανίζω,VERB,-,16690,
16831,βάσκανος,NOUN,m,16722,
16832,βάσκανος,NOUN,m,16722,
16837,βάσκω,VERB,-,16727,
39906,ἡβάσκω,VERB,-,16727,
16873,βάτιον,NOUN,n,16763,
50896,κραβάτιον,NOUN,n,16763,
16887,βατραχομυομαχία,NOUN,f,16777,
59016,μυοβατραχομαχία,NOUN,f,16777,
16952,βεβαίωσις,NOUN,f,16840,
27018,ἐκβεβαίωσις,NOUN,f,16840,
17042,βιάζω,VERB,-,16928,
27021,ἐκβιάζω,VERB,-,16928,
17052,βιασμός,NOUN,m,16938,
57692,μιασμός,NOUN,m,16938,
57829,μιλιασμός,NOUN,m,16938,
17055,βιαστής,NOUN,m,16941,
27024,ἐκβιαστής,NOUN,m,16941,
17056,βιαστικός,ADJ,-,16942,
27025,ἐκβιαστικός,ADJ,-,16942,WR
27029,ἐκβιβαστικός,ADJ,-,16942,WR
17060,βιβάζω,VERB,-,16946,
33271,ἐπιβιβάζω,VERB,-,16946,
17063,βιβαστής,NOUN,m,16949,
27028,ἐκβιβαστής,NOUN,m,16949,
29033,ἐμβιβαστής,NOUN,m,16949,
17185,βλαστάνω,VERB,-,17070,
27033,ἐκβλαστάνω,VERB,-,17070,
17189,βλάστημα,NOUN,n,17074,
29041,ἐμβλάστημα,NOUN,n,17074,
17192,βλάστησις,NOUN,f,17077,
27036,ἐκβλάστησις,NOUN,f,17077,
29042,ἐμβλάστησις,NOUN,f,17077,
17194,βλαστικός,ADJ,-,17079,
71483,πλαστικός,ADJ,-,17079,
17276,βλύζω,VERB,-,17160,
49598,κλύζω,VERB,-,17160,
54610,λύζω,VERB,-,17160,
17316,βοήθησις,NOUN,f,17200,
27049,ἐκβοήθησις,NOUN,f,17200,
17464,βοροποιός,ADJ,-,17347,
41915,θοροποιός,ADJ,-,17347,
17465,βορός,NOUN,m,17348,
17466,βορός,NOUN,m,17348,
17497,βοτανίζω,VERB,-,17379,
27063,ἐκβοτανίζω,VERB,-,17379,
17739,βοώδης,ADJ,-,17620,
19290,γοώδης,ADJ,-,17620,
17804,βράζω,VERB,-,17685,
27064,ἐκβράζω,VERB,-,17685,
17811,βρασμός,NOUN,m,17692,
27067,ἐκβρασμός,NOUN,m,17692,
17872,βραχύστομος,ADJ,-,17753,
90051,τραχύστομος,ADJ,-,17753,
17895,βρεκτός,ADJ,-,17776,
63887,ὀρεκτός,ADJ,-,17776,
17923,Βριάρεως,NOUN,m,17804,
61382,Ὀβριάρεως,NOUN,m,17804,
18047,βρυχανάομαι,VERB,-,17927,
57648,μηχανάομαι,VERB,-,17927,
18069,βρωμάτιον,NOUN,n,17949,
29114,ἐμβρωμάτιον,NOUN,n,17949,
99154,χρωμάτιον,NOUN,n,17949,
18084,βρωστήρ,NOUN,m,17964,
99164,χρωστήρ,NOUN,m,17964,
18116,βύνη,NOUN,f,17996,
18117,Βύνη,NOUN,f,17996,
18127,βύρσινος,ADJ,-,18006,
100088,ὠμοβύρσινος,ADJ,-,18006,
18144,βυρσόω,VERB,-,18023,
27076,ἐκβυρσόω,VERB,-,18023,
18267,γαλάκτινος,ADJ,-,18145,
63358,ὀξυγαλάκτινος,ADJ,-,18145,
18282,γαλακτοτροφέω,VERB,-,18160,
83793,συγγαλακτοτροφέω,VERB,-,18160,
18318,γαληνίζω,VERB,-,18196,
27080,ἐκγαληνίζω,VERB,-,18196,
18393,γαράριον,NOUN,n,18270,
63775,ὀράριον,NOUN,n,18270,
18484,γειόθεν,ADV,-,18359,
41116,θειόθεν,ADV,-,18359,
18567,γενεαρχικός,ADJ,-,18440,
18592,γενεσιαρχικός,ADJ,-,18440,
18602,γενέτης,NOUN,m,18474,
25542,ἐγγενέτης,NOUN,m,18474,
18629,γεννήτειρα,NOUN,f,18501,
74487,προγεννήτειρα,NOUN,f,18501,
18643,γεοειδής,ADJ,-,18515,
41227,θεοειδής,ADJ,-,18515,
59909,νεοειδής,ADJ,-,18515,
18668,γεραός,ADJ,-,18540,
48515,κεραός,ADJ,-,18540,
18719,γευστικός,ADJ,-,18591,
21698,διαπνευστικός,ADJ,-,18591,
60160,νευστικός,ADJ,-,18591,
71962,πνευστικός,ADJ,-,18591,
18771,γεωργός,NOUN,m,18642,
18772,γεωργός,NOUN,m,18642,
18812,γηράσκω,VERB,-,18682,
25550,ἐγγηράσκω,VERB,-,18682,
18867,γιγνώσκω,VERB,-,18737,
74501,προγιγνώσκω,VERB,-,18737,
18925,γλεύκινος,ADJ,-,18794,
53433,λεύκινος,ADJ,-,18794,
18926,γλευκίτης,NOUN,m,18795,
53436,λευκίτης,NOUN,m,18795,
18929,γλημώδης,ADJ,-,18798,
53647,λημώδης,ADJ,-,18798,
18962,γλοιώδης,ADJ,-,18831,
96364,φλοιώδης,ADJ,-,18831,
19090,γνάφαλλον,NOUN,n,18958,WR
49664,κνάφαλλον,NOUN,n,18958,WR
19134,γνωριστής,NOUN,m,19000,
87224,συνωριστής,NOUN,m,19000,
19191,γοητικός,ADJ,-,19057,
60496,νοητικός,ADJ,-,19057,
19231,γονιμότης,NOUN,f,19097,
58404,μονιμότης,NOUN,f,19097,
19233,γονοειδής,ADJ,-,19099,
58447,μονοειδής,ADJ,-,19099,
63239,ὀνοειδής,ADJ,-,19099,
19254,γονυπετής,ADJ,-,19120,
63449,ὀξυπετής,ADJ,-,19120,
19255,γονώδης,ADJ,-,19121,
49567,κλονώδης,ADJ,-,19121,
19297,γραίνω,VERB,-,19162,
91377,ὑγραίνω,VERB,-,19162,
19313,γραμματικός,NOUN,m,19178,
19314,γραμματικός,NOUN,m,19178,
19316,γραμματιστής,NOUN,m,19180,
33428,ἐπιγραμματιστής,NOUN,m,19180,
63773,ὁραματιστής,NOUN,m,19180,
19327,γραμματοφόρος,NOUN,m,19191,
33431,ἐπιγραμματοφόρος,NOUN,m,19191,
19351,γράπτης,NOUN,m,19215,
79374,ῥάπτης,NOUN,m,19215,
19382,γρηγορέω,VERB,-,19246,
26032,ἐγρηγορέω,VERB,-,19246,
19385,γρηγορικός,ADJ,-,19249,
26033,ἐγρηγορικός,ADJ,-,19249,
19386,γρήγορσις,NOUN,f,19250,
26038,ἐγρήγορσις,NOUN,f,19250,
19389,γρίντης,NOUN,m,19253,
64094,ὀρίντης,NOUN,m,19253,
19468,γυλάριον,NOUN,n,19332,
58955,μυλάριον,NOUN,n,19332,
19480,γυμνασιαρχία,NOUN,f,19343,
19482,γυμνασιαρχίς,NOUN,f,19343,
19549,γυναικομανία,NOUN,f,19411,
19554,γυναικονομία,NOUN,f,19411,
19632,γωνιαῖος,ADJ,-,19493,
79166,πωγωνιαῖος,ADJ,-,19493,
19796,Δαλογενής,ADJ,-,19656,
62747,ὁμογενής,ADJ,-,19656,
100146,ᾠογενής,ADJ,-,19656,
19839,δανδαλίς,NOUN,f,19699,
80206,σανδαλίς,NOUN,f,19699,
19846,δανεισμός,NOUN,m,19706,
27109,ἐκδανεισμός,NOUN,m,19706,
19852,δάνος,NOUN,n,19712,
19854,δάνος,NOUN,n,19712,
19853,δάνος,NOUN,m,19713,
19855,δάνος,NOUN,m,19713,
19873,δάπεδον,NOUN,n,19731,
39525,ζάπεδον,NOUN,n,19731,
19875,δαπιδυφάντης,NOUN,m,19733,
88261,ταπιδυφάντης,NOUN,m,19733,
19929,δασύστομος,ADJ,-,19787,
87479,σύστομος,ADJ,-,19787,
19967,δαφοινεός,ADJ,-,19825,
19969,δαφοινός,ADJ,-,19825,
20136,δεκαδαρχία,NOUN,f,19993,
20190,δεκαρχία,NOUN,f,19993,
20143,δεκάδωρος,ADJ,-,20000,
25343,δωδεκάδωρος,ADJ,-,20000,
20149,δεκάκλινος,ADJ,-,20006,
25352,δωδεκάκλινος,ADJ,-,20006,
20173,δεκάπηχυς,ADJ,-,20030,
25365,δωδεκάπηχυς,ADJ,-,20030,
20174,δεκαπλασιάζω,VERB,-,20031,
25366,δωδεκαπλασιάζω,VERB,-,20031,
20175,δεκαπλάσιος,ADJ,-,20032,
25368,δωδεκαπλάσιος,ADJ,-,20032,
20220,δεκατημόριον,NOUN,n,20076,
25382,δωδεκατημόριον,NOUN,n,20076,
20223,δέκατος,NOUN,f,20079,
25384,δωδέκατος,NOUN,f,20079,
20239,δεκήρης,ADJ,-,20095,
30043,ἑνδεκήρης,ADJ,-,20095,
20241,δεκτέος,ADJ,-,20097,
53168,λεκτέος,ADJ,-,20097,
20262,δελήτιον,NOUN,n,20118,
48335,κελήτιον,NOUN,n,20118,
20298,δεμάτιον,NOUN,n,20154,
55618,μάτιον,NOUN,n,20154,
20415,δερματώδης,ADJ,-,20269,
82411,σπερματώδης,ADJ,-,20269,
20483,δεύσιμος,ADJ,-,20337,
53544,λεύσιμος,ADJ,-,20337,
20510,δευτεροπάθεια,NOUN,f,20364,
36963,ἑτεροπάθεια,NOUN,f,20364,
20536,δέχομαι,VERB,-,20390,
27137,ἐκδέχομαι,VERB,-,20390,
20600,δημηγορέω,VERB,-,20454,
33513,ἐπιδημηγορέω,VERB,-,20454,
20623,δημιώδης,ADJ,-,20477,
39625,ζημιώδης,ADJ,-,20477,
20638,δημοκοπέω,VERB,-,20492,
27147,ἐκδημοκοπέω,VERB,-,20492,
20717,διά,ADP,-,20571,
20718,διά,ADP,-,20571,
20719,διά,ADP,-,20571,
20723,διαβαίνω,VERB,-,20575,
27150,ἐκδιαβαίνω,VERB,-,20575,
20724,διαβάλλω,VERB,-,20576,
21473,διαναβάλλω,VERB,-,20576,
20765,διαβολή,NOUN,f,20617,
21474,διαναβολή,NOUN,f,20617,
20801,διάγγελμα,NOUN,n,20653,
32320,ἐπάγγελμα,NOUN,n,20653,
20811,διαγιγνώσκω,VERB,-,20663,
21475,διαναγιγνώσκω,VERB,-,20663,
31392,ἐξαναγιγνώσκω,VERB,-,20663,
20826,διαγνωμονέω,VERB,-,20678,
85803,συνδιαγνωμονέω,VERB,-,20678,
20836,διαγόρευσις,NOUN,f,20688,
74559,προδιαγόρευσις,NOUN,f,20688,
20896,διαδικασία,NOUN,f,20748,
22912,δικασία,NOUN,f,20748,
20900,διαδιφρεύω,VERB,-,20752,
23507,διφρεύω,VERB,-,20752,
20926,διαδωρέομαι,VERB,-,20778,
21047,διαιωρέομαι,VERB,-,20778,
20995,διαθρέω,VERB,-,20847,
21813,διαρθρέω,VERB,-,20847,
21035,διαίτημα,NOUN,n,20887,
30086,ἐνδιαίτημα,NOUN,n,20887,
21069,διακαπηλεύω,VERB,-,20920,
45359,καπηλεύω,VERB,-,20920,
21084,διακεδάννυμι,VERB,-,20935,
21938,διασκεδάννυμι,VERB,-,20935,
21085,διάκειμαι,VERB,-,20936,
30088,ἐνδιάκειμαι,VERB,-,20936,
21087,διακεκριμένως,ADV,-,20938,
48279,κεκριμένως,ADV,-,20938,
21088,διακέλευμα,NOUN,n,20939,
48318,κέλευμα,NOUN,n,20939,
21090,διακελευσμός,NOUN,m,20941,
25804,ἐγκελευσμός,NOUN,m,20941,
33945,ἐπικελευσμός,NOUN,m,20941,
48322,κελευσμός,NOUN,m,20941,
21111,διακινδυνευτέον,ADJ,-,20960,
49112,κινδυνευτέον,ADJ,-,20960,
21112,διακινδυνεύω,VERB,-,20961,
85821,συνδιακινδυνεύω,VERB,-,20961,
21120,διάκλεισις,NOUN,f,20969,
21128,διάκλισις,NOUN,f,20969,
21126,διακλιμακίζω,VERB,-,20975,
49496,κλιμακίζω,VERB,-,20975,
21188,διακραδαίνω,VERB,-,21035,
50906,κραδαίνω,VERB,-,21035,
21193,διακρατητικός,ADJ,-,21040,
51037,κρατητικός,ADJ,-,21040,
21207,διάκρισις,NOUN,f,21054,
33536,ἐπιδιάκρισις,NOUN,f,21054,
21221,διακρύπτω,VERB,-,21067,
51475,κρύπτω,VERB,-,21067,
21232,διακυμαίνω,VERB,-,21078,
51878,κυμαίνω,VERB,-,21078,
21234,διακύπτω,VERB,-,21080,
21483,διανακύπτω,VERB,-,21080,
21336,διαλωβάομαι,VERB,-,21182,
54827,λωβάομαι,VERB,-,21182,
21374,διαμειρακιεύομαι,VERB,-,21220,
56057,μειρακιεύομαι,VERB,-,21220,
21377,διαμελετάω,VERB,-,21223,
56250,μελετάω,VERB,-,21223,
21384,διαμεμερισμένως,ADV,-,21230,
56472,μεμερισμένως,ADV,-,21230,
21386,διαμένω,VERB,-,21232,
85838,συνδιαμένω,VERB,-,21232,
21398,διάμετρον,NOUN,n,21244,
21399,διάμετρον,NOUN,n,21244,
21411,διαμηχανητέον,ADJ,-,21256,
57655,μηχανητέον,ADJ,-,21256,
21429,διαμνημονευτέον,VERB,-,21273,
58144,μνημονευτέον,VERB,-,21273,
21431,διαμνημονικός,ADJ,-,21275,
58149,μνημονικός,ADJ,-,21275,
21452,διαμπερονάω,VERB,-,21296,
29314,ἐμπερονάω,VERB,-,21296,
21459,διαμυκτηρίζω,VERB,-,21303,
58944,μυκτηρίζω,VERB,-,21303,
21527,διανοέομαι,VERB,-,21367,
33544,ἐπιδιανοέομαι,VERB,-,21367,
21822,διαρίπτω,VERB,-,21658,WR
21860,διαρρίπτω,VERB,-,21658,WR
21941,διασκεδαστής,NOUN,m,21774,
81377,σκεδαστής,NOUN,m,21774,
21942,διασκεδαστικός,ADJ,-,21775,
81378,σκεδαστικός,ADJ,-,21775,
22013,διαστατικός,ADJ,-,21846,
47207,καταστασιαστικός,ADJ,-,21846,
82731,στασιαστικός,ADJ,-,21846,
22049,διαστρέφω,VERB,-,21881,
85865,συνδιαστρέφω,VERB,-,21881,
22075,διασύστασις,NOUN,f,21907,
87446,σύστασις,NOUN,f,21907,
22288,διάφευξις,NOUN,f,21927,WR
22339,διάφυξις,NOUN,f,21927,WR
22135,διατάσσω,VERB,-,21966,
30103,ἐνδιατάσσω,VERB,-,21966,
22203,διατρέφω,VERB,-,22034,
85875,συνδιατρέφω,VERB,-,22034,
22274,διαφαρμακεύω,VERB,-,22105,
95039,φαρμακεύω,VERB,-,22105,
22309,διαφορέω,VERB,-,22139,
27154,ἐκδιαφορέω,VERB,-,22139,
22311,διαφόρησις,NOUN,f,22141,
27155,ἐκδιαφόρησις,NOUN,f,22141,
22368,διαχειροτονέω,VERB,-,22197,
97954,χειροτονέω,VERB,-,22197,
22369,διαχειροτονία,NOUN,f,22198,
97957,χειροτονία,NOUN,f,22198,
22479,διδάσκαλος,NOUN,m,22308,
24010,δουλοδιδάσκαλος,NOUN,m,22308,
45064,καλοδιδάσκαλος,NOUN,m,22308,
60555,νομοδιδάσκαλος,NOUN,m,22308,
63631,ὁπλοδιδάσκαλος,NOUN,m,22308,
65329,παιδοδιδάσκαλος,NOUN,m,22308,
93254,ὑποδιδάσκαλος,NOUN,m,22308,
22486,διδραχμιαῖος,ADJ,-,22315,
24158,δραχμιαῖος,ADJ,-,22315,
22570,διεκπερδικίζω,VERB,-,22399,
27822,ἐκπερδικίζω,VERB,-,22399,
22652,διεξεργάζομαι,VERB,-,22481,
31758,ἐξεργάζομαι,VERB,-,22481,
22662,διεξιππάζομαι,VERB,-,22491,
31963,ἐξιππάζομαι,VERB,-,22491,
22674,διεπιστέλλω,VERB,-,22503,
74978,προεπιστέλλω,VERB,-,22503,
22718,διέρχομαι,VERB,-,22547,
27161,ἐκδιέρχομαι,VERB,-,22547,
22727,διεσπαρμένως,ADV,-,22556,
22728,διεσπασμένως,ADV,-,22556,
22730,διεστραμμένως,ADV,-,22558,
36818,ἐστραμμένως,ADV,-,22558,
22787,διηγέομαι,VERB,-,22615,
27162,ἐκδιηγέομαι,VERB,-,22615,
22870,δικάζω,VERB,-,22698,
27165,ἐκδικάζω,VERB,-,22698,
22975,δικοτύλιον,NOUN,n,22802,
40366,ἡμικοτύλιον,NOUN,n,22802,
23046,διμέδιμνον,NOUN,n,22873,
40214,ἡμέδιμνον,NOUN,n,22873,
40397,ἡμιμέδιμνον,NOUN,n,22873,
23060,διμοιριαῖος,ADJ,-,22887,
90395,τριμοιριαῖος,ADJ,-,22887,
23079,δινώδης,ADJ,-,22906,
71247,πινώδης,ADJ,-,22906,
23091,Διογένειον,NOUN,n,22918,
93132,ὑπογένειον,NOUN,n,22918,
23169,Διονύσιον,NOUN,n,22996,
23170,Διονύσιος,NOUN,n,22996,
23262,διουργέω,VERB,-,23088,
45487,καρδιουργέω,VERB,-,23088,
23294,διπλασιεπιτέταρτος,ADJ,-,23120,
23297,διπλασιεπιτριτέταρτος,ADJ,-,23120,
23296,διπλασιεπιτριμερής,ADJ,-,23122,
90456,τριπλασιεπιδιμερής,ADJ,-,23122,
23355,δίπωλος,ADJ,-,23180,
90510,τρίπωλος,ADJ,-,23180,
23365,δισεβδομηκοντάπηχυς,ADJ,-,23190,
25506,ἑβδομηκοντάπηχυς,ADJ,-,23190,
23659,δίωξις,NOUN,f,23483,
27187,ἐκδίωξις,NOUN,f,23483,
23725,δοκιμάζω,VERB,-,23549,
27188,ἐκδοκιμάζω,VERB,-,23549,
23763,δολιότης,NOUN,f,23587,
72333,πολιότης,NOUN,f,23587,
23994,δουλελεύθερος,NOUN,m,23818,
31716,ἐξελεύθερος,NOUN,m,23818,
24022,δοῦλος,NOUN,m,23845,
24023,δοῦλος,NOUN,m,23845,
24080,δραίνω,VERB,-,23902,
55395,μαραίνω,VERB,-,23902,
91494,ὑδραίνω,VERB,-,23902,
24141,δρασκάζω,VERB,-,23963,
27202,ἐκδρασκάζω,VERB,-,23963,
24144,δρασμός,NOUN,m,23966,
26195,ἑδρασμός,NOUN,m,23966,
24147,δραστήρ,NOUN,m,23969,
96685,φραστήρ,NOUN,m,23969,
24152,δραστικός,ADJ,-,23974,
26197,ἑδραστικός,ADJ,-,23974,
24210,δρομίας,NOUN,m,24031,
37432,εὐδρομίας,NOUN,m,24031,
24319,δυναμόω,VERB,-,24140,
27207,ἐκδυναμόω,VERB,-,24140,
24350,δύρομαι,VERB,-,24171,
61544,ὀδύρομαι,VERB,-,24171,
24598,δυσέκνευστος,ADJ,-,24419,
24605,δυσέκπνευστος,ADJ,-,24419,
24830,δυσκατεργασία,NOUN,f,24647,
47744,κατεργασία,NOUN,f,24647,
24862,δύσκολος,ADJ,-,24679,
93297,ὑποδύσκολος,ADJ,-,24679,
25269,δυσχειμερινός,ADJ,-,25085,
97827,χειμερινός,ADJ,-,25085,
25387,δωδεκάφυλλος,ADJ,-,25196,
25388,δωδεκάφυλος,ADJ,-,25196,
25400,δωμάτιον,NOUN,n,25208,
99260,χωμάτιον,NOUN,n,25208,
25403,δωματοφθορέω,VERB,-,25211,
83669,στρωματοφθορέω,VERB,-,25211,
25429,Δωρισμός,NOUN,m,25237,
64104,ὁρισμός,NOUN,m,25237,
25633,ἐγκαθέψω,VERB,-,25437,
44188,καθέψω,VERB,-,25437,
25700,ἐγκαταζεύγνυμι,VERB,-,25503,
46040,καταζεύγνυμι,VERB,-,25503,
25702,ἐγκατάκειμαι,VERB,-,25505,
46172,κατάκειμαι,VERB,-,25505,
25703,ἐγκατακενόω,VERB,-,25506,
46179,κατακενόω,VERB,-,25506,
25705,ἐγκατάκλειστος,ADJ,-,25508,
46217,κατάκλειστος,ADJ,-,25508,
25707,ἐγκατακλίνω,VERB,-,25510,
46230,κατακλίνω,VERB,-,25510,
25708,ἐγκατακλώθω,VERB,-,25511,
46241,κατακλώθω,VERB,-,25511,
25744,ἐγκαταριθμέω,VERB,-,25547,
46967,καταριθμέω,VERB,-,25547,
25748,ἐγκατασκευάζω,VERB,-,25551,
47108,κατασκευάζω,VERB,-,25551,
25753,ἐγκατασπείρω,VERB,-,25555,
47178,κατασπείρω,VERB,-,25555,
25755,ἐγκαταστοιχειόομαι,VERB,-,25557,
47251,καταστοιχειόομαι,VERB,-,25557,
25756,ἐγκαταστρέφω,VERB,-,25558,
84001,συγκαταστρέφω,VERB,-,25558,
25763,ἐγκατατίλλω,VERB,-,25565,
25777,ἐγκατίλλω,VERB,-,25565,
25775,ἐγκατεφάλλομαι,VERB,-,25577,
47823,κατεφάλλομαι,VERB,-,25577,
25781,ἐγκατοικίζω,VERB,-,25582,
47913,κατοικίζω,VERB,-,25582,
25806,ἐγκελεύω,VERB,-,25606,
48329,κελεύω,VERB,-,25606,
25810,ἐγκεντρίς,NOUN,f,25610,
48436,κεντρίς,NOUN,f,25610,
25816,ἐγκεντρόω,VERB,-,25616,
48449,κεντρόω,VERB,-,25616,
25817,ἐγκεράννυμι,VERB,-,25617,
48511,κεράννυμι,VERB,-,25617,
25822,ἐγκεφαλαίωμα,NOUN,n,25622,
48730,κεφαλαίωμα,NOUN,n,25622,
25823,ἐγκεφάλιον,NOUN,n,25623,
48749,κεφάλιον,NOUN,n,25623,
25849,ἐγκληματικός,ADJ,-,25649,
49450,κληματικός,ADJ,-,25649,
53639,λημματικός,ADJ,-,25649,
25868,ἐγκλυδάζομαι,VERB,-,25668,
49587,κλυδάζομαι,VERB,-,25668,
25881,ἐγκοιμάομαι,VERB,-,25681,
84114,συγκοιμάομαι,VERB,-,25681,
25882,ἐγκοίμησις,NOUN,f,25682,
84116,συγκοίμησις,NOUN,f,25682,
25976,ἐγκτήτωρ,NOUN,m,25776,
51581,κτήτωρ,NOUN,m,25776,
26093,ἐγχλωρίζω,VERB,-,25889,
98408,χλωρίζω,VERB,-,25889,
26107,ἐγχρεμετίζω,VERB,-,25902,
98715,χρεμετίζω,VERB,-,25902,
26110,ἐγχρηματίζω,VERB,-,25905,
98756,χρηματίζω,VERB,-,25905,
26229,ἐθελημός,ADJ,-,26022,
41140,θελημός,ADJ,-,26022,
26230,ἐθελήμων,ADJ,-,26023,
41142,θελήμων,ADJ,-,26023,
26247,ἐθελοντής,NOUN,m,26040,
41159,θελοντής,NOUN,m,26040,
26261,ἐθημολογέω,VERB,-,26054,
41684,θημολογέω,VERB,-,26054,
26280,εἰ,SCONJ,-,26073,
26281,εἰ,SCONJ,-,26073,
26477,εἰλιγγιάω,VERB,-,26269,WR
43055,ἰλιγγιάω,VERB,-,26269,WR
26502,εἰλυσπάομαι,VERB,-,26294,WR
43080,ἰλυσπάομαι,VERB,-,26294,WR
26705,εἰσηγορία,NOUN,f,26497,
43514,ἰσηγορία,NOUN,f,26497,
26889,εἴσωσις,NOUN,f,26681,
43879,ἴσωσις,NOUN,f,26681,
26894,ἐκ,ADP,-,26686,
26895,ἐκ,ADP,-,26686,
26919,ἑκατερέω,VERB,-,26710,
47760,κατερέω,VERB,-,26710,
26923,ἑκάτερος,ADJ,-,26714,LV
26927,ἑκατέρως,ADV,-,26714,LV
26929,Ἑκάτη,NOUN,f,26719,
26930,ἑκάτη,NOUN,f,26719,
26999,ἑκατῶρυξ,NOUN,m,26788,
48070,κατῶρυξ,NOUN,m,26788,
27053,ἐκβόλειον,NOUN,n,26830,
27058,ἐκβόλιον,NOUN,n,26830,
27233,ἐκζητητής,NOUN,m,26991,
39647,ζητητής,NOUN,m,26991,
27264,ἐκθεολογέω,VERB,-,27021,
41262,θεολογέω,VERB,-,27021,
27267,ἐκθερίζω,VERB,-,27024,
41442,θερίζω,VERB,-,27024,
27306,ἐκθρόμβωσις,NOUN,f,27060,
42101,θρόμβωσις,NOUN,f,27060,
27380,ἐκκαυστικός,ADJ,-,27134,
48140,καυστικός,ADJ,-,27134,
27388,ἐκκεινόω,VERB,-,27142,WR
27392,ἐκκενόω,VERB,-,27142,WR
27390,ἐκκεκλασμένως,ADV,-,27144,
48267,κεκλασμένως,ADV,-,27144,
27401,ἐκκεχυμένως,ADV,-,27154,
48778,κεχυμένως,ADV,-,27154,
27461,ἐκκοκκίζω,VERB,-,27214,
50009,κοκκίζω,VERB,-,27214,
27462,ἐκκοκκύζω,VERB,-,27215,
50028,κοκκύζω,VERB,-,27215,
27495,ἐκκραυγάζω,VERB,-,27248,
51061,κραυγάζω,VERB,-,27248,
27526,ἐκκυματίζομαι,VERB,-,27279,
51884,κυματίζομαι,VERB,-,27279,
27528,ἐκκυνηγέσσω,VERB,-,27281,
51961,κυνηγέσσω,VERB,-,27281,
27546,ἐκλαλητικός,ADJ,-,27299,
52709,λαλητικός,ADJ,-,27299,
27549,ἐκλαμπρύνω,VERB,-,27302,
52785,λαμπρύνω,VERB,-,27302,
27575,ἐκλεκτικός,ADJ,-,27328,
53171,λεκτικός,ADJ,-,27328,
27598,ἐκλῃτουργέω,VERB,-,27351,
53710,λῃτουργέω,VERB,-,27351,
27601,ἐκλιθολογέω,VERB,-,27354,
53878,λιθολογέω,VERB,-,27354,
27602,ἐκλιθόω,VERB,-,27355,
53913,λιθόω,VERB,-,27355,
27607,ἐκλιμνόομαι,VERB,-,27360,
53997,λιμνόομαι,VERB,-,27360,
27610,ἐκλιμπάνω,VERB,-,27363,
54017,λιμπάνω,VERB,-,27363,
27617,ἐκλογεύς,NOUN,m,27370,
54306,λογεύς,NOUN,m,27370,
27618,ἐκλογεύω,VERB,-,27371,
54310,λογεύω,VERB,-,27371,
27622,ἐκλογίζομαι,VERB,-,27375,
54313,λογίζομαι,VERB,-,27375,
27630,ἔκλογος,NOUN,m,27383,
27631,ἔκλογος,NOUN,m,27383,
27636,ἐκλοφίζω,VERB,-,27388,
54523,λοφίζω,VERB,-,27388,
27644,ἐκλυτήριος,NOUN,n,27396,
54773,λυτήριος,NOUN,n,27396,
27645,ἐκλυτικός,ADJ,-,27397,
54774,λυτικός,ADJ,-,27397,
27658,ἐκμαίνω,VERB,-,27410,
42972,ἰκμαίνω,VERB,-,27410,
27776,ἐκπαθής,ADJ,-,27528,
34613,ἐπιπαθής,ADJ,-,27528,
27777,ἐκπαίδευμα,NOUN,n,27529,
65301,παίδευμα,NOUN,n,27529,
27780,ἐκπαιφάσσω,VERB,-,27532,
65415,παιφάσσω,VERB,-,27532,
27790,ἐκπανουργέω,VERB,-,27542,
66113,πανουργέω,VERB,-,27542,
27793,ἐκπαραπίπτω,VERB,-,27545,
67107,παραπίπτω,VERB,-,27545,
27814,ἐκπεπαίνω,VERB,-,27566,
69156,πεπαίνω,VERB,-,27566,
27817,ἐκπεραίνω,VERB,-,27569,
69211,περαίνω,VERB,-,27569,
27820,ἐκπερατόομαι,VERB,-,27572,
88842,τερατόομαι,VERB,-,27572,
27824,ἐκπεριάγω,VERB,-,27575,
69270,περιάγω,VERB,-,27575,
27825,ἐκπερίειμι,VERB,-,27576,
69517,περίειμι,VERB,-,27576,
27826,ἐκπεριέρχομαι,VERB,-,27577,
29293,ἐμπεριέρχομαι,VERB,-,27577,
69549,περιέρχομαι,VERB,-,27577,
92497,ὑπερέρχομαι,VERB,-,27577,
27827,ἐκπεριοδεύω,VERB,-,27578,
69945,περιοδεύω,VERB,-,27578,
27829,ἐκπεριπορεύομαι,VERB,-,27580,
70153,περιπορεύομαι,VERB,-,27580,
27830,ἐκπερισπασμός,NOUN,m,27581,
70294,περισπασμός,NOUN,m,27581,
27831,ἐκπερισπάω,VERB,-,27582,
70297,περισπάω,VERB,-,27582,
27832,ἐκπερισσεύω,VERB,-,27583,
70321,περισσεύω,VERB,-,27583,
27834,ἐκπεριτρέχω,VERB,-,27585,
70523,περιτρέχω,VERB,-,27585,
27835,ἐκπερονάω,VERB,-,27586,
70755,περονάω,VERB,-,27586,
27842,ἐκπέτασμα,NOUN,n,27593,
70829,πέτασμα,NOUN,n,27593,
27845,ἐκπεύθομαι,VERB,-,27595,
70897,πεύθομαι,VERB,-,27595,
27851,ἐκπηδητικός,ADJ,-,27601,
70967,πηδητικός,ADJ,-,27601,
27852,ἐκπηκτικός,ADJ,-,27602,
70974,πηκτικός,ADJ,-,27602,
27857,ἐκπιασμός,NOUN,m,27607,
71077,πιασμός,NOUN,m,27607,
71270,πισμός,NOUN,m,27607,
27861,ἐκπιεσμός,NOUN,m,27611,
71096,πιεσμός,NOUN,m,27611,
27863,ἐκπιεστός,ADJ,-,27613,
71100,πιεστός,ADJ,-,27613,
27869,ἐκπίμπλημι,VERB,-,27619,
29342,ἐμπίμπλημι,VERB,-,27619,
71201,πίμπλημι,VERB,-,27619,
27873,ἐκπιπράσκω,VERB,-,27623,
34696,ἐπιπιπράσκω,VERB,-,27623,
71262,πιπράσκω,VERB,-,27623,
84904,συμπιπράσκω,VERB,-,27623,
27881,ἐκπλατύνω,VERB,-,27631,
71555,πλατύνω,VERB,-,27631,
27885,ἐκπλεονάζω,VERB,-,27635,
71649,πλεονάζω,VERB,-,27635,
27892,ἐκπληκτικός,ADJ,-,27642,
29385,ἐμπληκτικός,ADJ,-,27642,
53616,ληκτικός,ADJ,-,27642,
71731,πληκτικός,ADJ,-,27642,
27897,ἐκπληρόω,VERB,-,27646,
34726,ἐπιπληρόω,VERB,-,27646,
71768,πληρόω,VERB,-,27646,
27899,ἐκπλήρωσις,NOUN,f,27648,
71770,πλήρωσις,NOUN,f,27648,
27900,ἐκπληρωτής,NOUN,m,27649,
71772,πληρωτής,NOUN,m,27649,
27902,ἐκπλήσσω,VERB,-,27650,
71801,πλήσσω,VERB,-,27650,
27904,ἐκπλίσσομαι,VERB,-,27652,
54222,λίσσομαι,VERB,-,27652,
71846,πλίσσομαι,VERB,-,27652,
27913,ἐκπνευματόω,VERB,-,27661,
71951,πνευματόω,VERB,-,27661,
27914,ἐκπνευμάτωσις,NOUN,f,27662,
29402,ἐμπνευμάτωσις,NOUN,f,27662,
71953,πνευμάτωσις,NOUN,f,27662,
27924,ἐκποικίλλω,VERB,-,27672,
72137,ποικίλλω,VERB,-,27672,
27925,ἐκποινίζομαι,VERB,-,27673,
72218,ποινίζομαι,VERB,-,27673,
27943,ἐκπορθήτωρ,NOUN,m,27691,
73512,πορθήτωρ,NOUN,m,27691,
27945,ἐκπορίζω,VERB,-,27693,
73526,πορίζω,VERB,-,27693,
27950,ἐκποτάομαι,VERB,-,27698,
73695,ποτάομαι,VERB,-,27698,
27953,ἐκπράκτης,NOUN,m,27701,
73842,πράκτης,NOUN,m,27701,
27956,ἐκπρεμνίζω,VERB,-,27704,
73931,πρεμνίζω,VERB,-,27704,
27959,ἐκπρεπόντως,ADV,-,27707,
73937,πρεπόντως,ADV,-,27707,
27969,ἐκπροβάλλω,VERB,-,27717,
74374,προβάλλω,VERB,-,27717,
27972,ἐκπροθρῴσκω,VERB,-,27720,
75106,προθρῴσκω,VERB,-,27720,
27973,ἐκπροθυμέομαι,VERB,-,27721,
75108,προθυμέομαι,VERB,-,27721,
27976,ἐκπροκρίνω,VERB,-,27724,
75407,προκρίνω,VERB,-,27724,
27980,ἐκπρόπτωσις,NOUN,f,27728,
75897,πρόπτωσις,NOUN,f,27728,
27982,ἐκπροτιμάω,VERB,-,27730,
77939,προτιμάω,VERB,-,27730,
27983,ἐκπροφαίνω,VERB,-,27731,
78055,προφαίνω,VERB,-,27731,
28002,ἐκπυητικός,ADJ,-,27750,
78667,πυητικός,ADJ,-,27750,
28003,ἐκπυκτεύω,VERB,-,27751,
78768,πυκτεύω,VERB,-,27751,
28015,ἐκπυρωτικός,ADJ,-,27763,
79148,πυρωτικός,ADJ,-,27763,
28016,ἐκπυρωτός,ADJ,-,27764,
79149,πυρωτός,ADJ,-,27764,
28141,ἐκταλαιπωρέω,VERB,-,27889,
88104,ταλαιπωρέω,VERB,-,27889,
28142,ἐκταλαντόομαι,VERB,-,27890,
88122,ταλαντόομαι,VERB,-,27890,
88188,τανταλόομαι,VERB,-,27890,
28149,ἐκταρακτικός,ADJ,-,27897,
88096,τακτικός,ADJ,-,27897,
88271,ταρακτικός,ADJ,-,27897,
28160,ἐκτείνω,VERB,-,27908,
51532,κτείνω,VERB,-,27908,
28165,ἐκτεκμαίρομαι,VERB,-,27913,
35395,ἐπιτεκμαίρομαι,VERB,-,27913,
77582,προστεκμαίρομαι,VERB,-,27913,WR
77890,προτεκμαίρομαι,VERB,-,27913,WR
88616,τεκμαίρομαι,VERB,-,27913,
28167,ἐκτεκταίνομαι,VERB,-,27914,
30924,ἐντεκταίνομαι,VERB,-,27914,
88665,τεκταίνομαι,VERB,-,27914,
28170,ἐκτελείωσις,NOUN,f,27917,
53152,λείωσις,NOUN,f,27917,
88697,τελείωσις,NOUN,f,27917,
28171,ἐκτελευτάω,VERB,-,27918,
88740,τελευτάω,VERB,-,27918,
28174,ἐκτέμνω,VERB,-,27921,
88790,τέμνω,VERB,-,27921,
28179,ἐκτεταμένως,ADV,-,27926,
35425,ἐπιτεταμένως,ADV,-,27926,
88948,τεταμένως,ADV,-,27926,
28195,ἐκτίκτω,VERB,-,27942,
89487,τίκτω,VERB,-,27942,
28197,ἐκτίλλω,VERB,-,27944,
89492,τίλλω,VERB,-,27944,
28205,ἐκτίννυμι,VERB,-,27952,
51586,κτίννυμι,VERB,-,27952,
28259,ἐκτραχηλίζω,VERB,-,28006,
90026,τραχηλίζω,VERB,-,28006,
28260,ἐκτραχηλισμός,NOUN,m,28007,
90028,τραχηλισμός,NOUN,m,28007,
28282,ἐκτρυγάω,VERB,-,28029,
90891,τρυγάω,VERB,-,28029,
28285,ἐκτρύπημα,NOUN,n,28032,
90958,τρύπημα,NOUN,n,28032,
28288,ἐκτρυχόω,VERB,-,28035,
90999,τρυχόω,VERB,-,28035,
28342,ἐκφευκτικός,ADJ,-,28089,
95271,φευκτικός,ADJ,-,28089,
28367,ἐκφοινίσσω,VERB,-,28113,
96506,φοινίσσω,VERB,-,28113,
28369,ἐκφοίτησις,NOUN,f,28115,
96517,φοίτησις,NOUN,f,28115,
28429,ἐκχλευάζω,VERB,-,28175,
98330,χλευάζω,VERB,-,28175,
28443,ἐκχρησμῳδέω,VERB,-,28188,
98803,χρησμῳδέω,VERB,-,28188,
28523,ἐλαιοφανής,ADJ,-,28268,
81594,σκιοφανής,ADJ,-,28268,
28583,ἐλατικός,ADJ,-,28328,
71523,πλατικός,ADJ,-,28328,
28725,ἐλευθεροστομέω,VERB,-,28470,
31717,ἐξελευθεροστομέω,VERB,-,28470,
28815,ἑλινοφόρος,ADJ,-,28560,
54090,λινοφόρος,ADJ,-,28560,
28817,ἕλιξ,NOUN,m,28562,
28819,ἕλιξ,NOUN,m,28562,
28818,ἕλιξ,NOUN,f,28563,
28820,ἕλιξ,NOUN,f,28563,
28979,ἐλυτρόω,VERB,-,28722,
54777,λυτρόω,VERB,-,28722,
28997,ἐμβαδόν,NOUN,n,28740,
28998,ἐμβαδόν,NOUN,n,28740,
29173,ἐμμετεωρίζομαι,VERB,-,28911,
84625,συμμετεωρίζομαι,VERB,-,28911,
29234,ἐμπαραλιμπάνω,VERB,-,28972,
66866,παραλιμπάνω,VERB,-,28972,
29292,ἐμπεριεκτικός,ADJ,-,29030,
69521,περιεκτικός,ADJ,-,29030,
29298,ἐμπεριληπτικός,ADJ,-,29034,
69841,περιληπτικός,ADJ,-,29034,
29299,ἐμπερίληψις,NOUN,f,29035,
69843,περίληψις,NOUN,f,29035,
29308,ἐμπεριρρήγνυμι,VERB,-,29044,
70208,περιρρήγνυμι,VERB,-,29044,
29309,ἐμπερισπούδαστος,ADJ,-,29045,
70311,περισπούδαστος,ADJ,-,29045,
29318,ἐμπετάννυμι,VERB,-,29053,
70825,πετάννυμι,VERB,-,29053,
29403,ἐμπνευματωτικός,ADJ,-,29135,
71938,πνευματικός,ADJ,-,29135,
71954,πνευματωτικός,ADJ,-,29135,
29406,ἐμπνέω,VERB,-,29138,
29452,ἐμπονέω,VERB,-,29138,
29604,ἐμφρακτικός,ADJ,-,29335,
96677,φρακτικός,ADJ,-,29335,
29616,ἐμφυλλίζω,VERB,-,29347,
96995,φυλλίζω,VERB,-,29347,
29694,ἐναετία,NOUN,f,29425,WR
30558,ἐνναετία,NOUN,f,29425,WR
29884,ἐναποσβέννυμι,VERB,-,29614,
85608,συναποσβέννυμι,VERB,-,29614,
30135,ἐνδογενής,ADJ,-,29859,
43169,Ἰνδογενής,ADJ,-,29859,
30231,ἐνειρωνεύομαι,VERB,-,29953,
31706,ἐξειρωνεύομαι,VERB,-,29953,
30232,ἕνεκα,ADP,-,29954,
30233,ἕνεκα,ADP,-,29954,
30296,ἐνέρτερος,ADJ,-,30015,
60109,νέρτερος,ADJ,-,30015,
30404,ἐνθεαστικός,ADJ,-,30118,
41053,θεαστικός,ADJ,-,30118,
30440,ἐνθορυβέω,VERB,-,30154,
41918,θορυβέω,VERB,-,30154,
86707,συνθορυβέω,VERB,-,30154,
93363,ὑποθορυβέω,VERB,-,30154,
30556,ἐνναέτης,NOUN,m,30270,
30557,ἐνναέτης,NOUN,m,30270,
30562,ἐννάσσω,VERB,-,30274,
59504,νάσσω,VERB,-,30274,
30630,ἐννευρόκαυλος,ADJ,-,30342,
60129,νευρόκαυλος,ADJ,-,30342,
30663,ἐννωτίζομαι,VERB,-,30375,
31157,ἐνωτίζομαι,VERB,-,30375,
30684,ἐνοικήτωρ,NOUN,m,30396,
86850,συνοικήτωρ,NOUN,m,30396,
30739,ἔνος,NOUN,m,30451,
30740,ἔνος,NOUN,m,30451,
30812,ἐνσκήπτω,VERB,-,30523,
30816,ἐνσκίμπτω,VERB,-,30523,
30827,ἐνσπαργανόω,VERB,-,30537,
82311,σπαργανόω,VERB,-,30537,
30875,ἐνσχηματίζω,VERB,-,30585,
87797,σχηματίζω,VERB,-,30585,
30947,ἐντεροκήλη,NOUN,f,30656,
91513,ὑδρεντεροκήλη,NOUN,f,30656,
31064,ἐντυγχάνω,VERB,-,30773,
91039,τυγχάνω,VERB,-,30773,
31175,ἐξαγγίζω,VERB,-,30880,
31176,ἐξαγίζω,VERB,-,30880,
31243,ἐξαιθραπεύω,VERB,-,30947,WR
31272,ἐξαιτραπεύω,VERB,-,30947,WR
31337,ἔξαλλος,ADJ,-,31039,
31346,ἔξαλος,ADJ,-,31039,
31418,ἐξαναριθμέω,VERB,-,31118,
31564,ἐξαριθμέω,VERB,-,31118,
31453,ἐξάνθισμα,NOUN,n,31153,
60956,ξάνθισμα,NOUN,n,31153,
31589,ἐξάρτισις,NOUN,f,31288,
31592,ἐξάρτυσις,NOUN,f,31288,
31873,ἑξηκονταετία,NOUN,f,31566,
69101,πεντηκονταετία,NOUN,f,31566,
90131,τριακονταετία,NOUN,f,31566,
32021,ἐξοδικός,ADJ,-,31713,
72034,ποδικός,ADJ,-,31713,
32025,ἔξοδος,NOUN,f,31717,
32026,ἔξοδος,NOUN,f,31717,
32100,ἐξονειδιστικός,ADJ,-,31789,
63157,ὀνειδιστικός,ADJ,-,31789,
32190,ἐξουσιαστικός,ADJ,-,31879,
35936,ἐπουσιαστικός,ADJ,-,31879,
32197,ἐξοχέτευσις,NOUN,f,31886,
35946,ἐποχέτευσις,NOUN,f,31886,
32299,ἑορτάσιμος,ADJ,-,31988,
32300,ἑορτάσιος,ADJ,-,31988,
32327,ἐπαγκαλίζομαι,VERB,-,32014,
66408,παραγκαλίζομαι,VERB,-,32014,
32336,ἐπαγόρευσις,NOUN,f,32023,
91855,ὑπαγόρευσις,NOUN,f,32023,
32402,ἐπακολούθησις,NOUN,f,32089,
66768,παρακολούθησις,NOUN,f,32089,
32408,ἐπακοντίζω,VERB,-,32095,
66780,παρακοντίζω,VERB,-,32095,
32411,ἐπάκουσις,NOUN,f,32098,
91890,ὑπάκουσις,NOUN,f,32098,
32745,ἐπαρδευτής,NOUN,m,32429,
81777,σκορδευτής,NOUN,m,32429,
32821,ἐπαύξησις,NOUN,f,32502,
67491,παραύξησις,NOUN,f,32502,
32920,ἐπεισβαίνω,VERB,-,32600,
92082,ὑπεισβαίνω,VERB,-,32600,
32930,ἐπεισέρχομαι,VERB,-,32610,
92086,ὑπεισέρχομαι,VERB,-,32610,
32994,ἐπεκτρέχω,VERB,-,32671,
92137,ὑπεκτρέχω,VERB,-,32671,
33010,ἐπελευστικός,ADJ,-,32686,
33947,ἐπικελευστικός,ADJ,-,32686,
48325,κελευστικός,ADJ,-,32686,
33094,ἐπεξέρχομαι,VERB,-,32769,
92204,ὑπεξέρχομαι,VERB,-,32769,
33109,ἐπεργάζομαι,VERB,-,32783,
33653,ἐπιεργάζομαι,VERB,-,32783,
92379,ὑπεργάζομαι,VERB,-,32783,
33112,ἐπερεθίζω,VERB,-,32786,
92431,ὑπερεθίζω,VERB,-,32786,
33128,ἐπερώτησις,NOUN,f,32800,
92974,ὑπερώτησις,NOUN,f,32800,
33158,ἐπευλαβέομαι,VERB,-,32830,
92982,ὑπευλαβέομαι,VERB,-,32830,
33223,ἐπί,ADP,-,32895,
33224,ἐπί,ADP,-,32895,
33251,ἐπιβάσκω,VERB,-,32922,
33272,ἐπιβιβάσκω,VERB,-,32922,
33381,ἐπιγένημα,NOUN,n,33049,
33384,ἐπιγέννημα,NOUN,n,33049,
33419,ἐπιγονατίς,NOUN,f,33086,WR
33423,ἐπιγουνατίς,NOUN,f,33086,WR
33535,ἐπιδιακρίνω,VERB,-,33198,
34129,ἐπικρίνω,VERB,-,33198,
33693,ἐπιθαλασσίδιος,ADJ,-,33353,
40855,θαλασσίδιος,ADJ,-,33353,
33720,ἐπιθεράπευσις,NOUN,f,33380,
41408,θεράπευσις,NOUN,f,33380,
33737,ἐπιθήκη,NOUN,f,33397,
71120,πιθήκη,NOUN,f,33397,
33745,ἐπιθιγγάνω,VERB,-,33405,
41835,θιγγάνω,VERB,-,33405,
33802,ἐπικαγχαλάω,VERB,-,33462,
44046,καγχαλάω,VERB,-,33462,
33816,ἐπικαθίστημι,VERB,-,33476,
44246,καθίστημι,VERB,-,33476,
33817,ἐπικαθοράω,VERB,-,33477,
44275,καθοράω,VERB,-,33477,
33903,ἐπικατασκοπέω,VERB,-,33563,
47141,κατασκοπέω,VERB,-,33563,
33919,ἐπικαταψήχω,VERB,-,33579,
47619,καταψήχω,VERB,-,33579,
33923,ἐπικατεργάζομαι,VERB,-,33583,
47743,κατεργάζομαι,VERB,-,33583,
92624,ὑπερκατεργάζομαι,VERB,-,33583,
33965,ἐπικεύθω,VERB,-,33622,
48723,κεύθω,VERB,-,33622,
33996,ἐπικιρνάω,VERB,-,33653,
49181,κιρνάω,VERB,-,33653,
93389,ὑποικουρέω,VERB,-,33751,WR
35842,ἐποικουρέω,VERB,-,33751,WR
34106,ἐπικράζω,VERB,-,33763,
71145,πικράζω,VERB,-,33763,
34107,ἐπικραίνω,VERB,-,33764,
34691,ἐπιπικραίνω,VERB,-,33764,
34118,ἐπικρατητικός,ADJ,-,33775,
34121,ἐπικρατικός,ADJ,-,33775,
34170,ἐπικύκλησις,NOUN,f,33825,
51781,κύκλησις,NOUN,f,33825,
34234,ἐπιλείβω,VERB,-,33889,WR
34288,ἐπιλλείβω,VERB,-,33889,WR
34245,ἐπιλελογισμένως,ADV,-,33900,
53179,λελογισμένως,ADV,-,33900,
34268,ἐπίλησις,NOUN,f,33923,
71171,πίλησις,NOUN,f,33923,
34276,ἐπιλίζω,VERB,-,33931,
34289,ἐπιλλίζω,VERB,-,33931,
34285,ἐπιλιπής,ADJ,-,33940,
71177,πιλιπής,ADJ,-,33940,
34307,ἐπίλογχος,NOUN,m,33960,
34308,ἐπίλογχος,NOUN,m,33960,
34382,ἐπιμελής,ADJ,-,34034,
71194,πιμελής,ADJ,-,34034,
34504,ἐπινάω,VERB,-,34155,
71227,πινάω,VERB,-,34155,
34534,ἐπινίκιος,NOUN,n,34185,
71231,πινίκιος,NOUN,n,34185,
34615,ἐπιπαιανισμός,NOUN,m,34265,
65265,παιανισμός,NOUN,m,34265,
34629,ἐπιπαράκειμαι,VERB,-,34279,
66683,παράκειμαι,VERB,-,34279,
34630,ἐπιπαραμένω,VERB,-,34280,
66935,παραμένω,VERB,-,34280,
34640,ἐπιπαροξύνω,VERB,-,34290,
68180,παροξύνω,VERB,-,34290,
34653,ἐπιπαχύνω,VERB,-,34302,
68558,παχύνω,VERB,-,34302,
34698,ἐπιπίστωσις,NOUN,f,34344,
71333,πίστωσις,NOUN,f,34344,
34729,ἐπιπλινθοβολέω,VERB,-,34374,
71823,πλινθοβολέω,VERB,-,34374,
34737,ἐπίπλοος,NOUN,m,34382,
34738,ἐπίπλοος,NOUN,m,34382,
34784,ἐπιπορσύνω,VERB,-,34428,
73582,πορσύνω,VERB,-,34428,
34805,ἐπιπρόκειμαι,VERB,-,34449,
75327,πρόκειμαι,VERB,-,34449,
34807,ἐπιπρονέομαι,VERB,-,34451,
75593,προνέομαι,VERB,-,34451,
34811,ἐπιπροσγίγνομαι,VERB,-,34455,
76301,προσγίγνομαι,VERB,-,34455,
34816,ἐπιπροσθέτησις,NOUN,f,34460,
76876,προσθέτησις,NOUN,f,34460,
34832,ἐπιπτάρνυμαι,VERB,-,34476,
78444,πτάρνυμαι,VERB,-,34476,
34954,ἐπισείω,VERB,-,34598,WR
35101,ἐπισσείω,VERB,-,34598,WR
35042,ἐπίσκοπος,NOUN,m,34686,
35043,ἐπίσκοπος,NOUN,m,34686,
35074,ἐπισπαστήρ,NOUN,m,34717,
73760,ποτισπαστήρ,NOUN,m,34717,
35099,ἐπισπουδαστής,NOUN,m,34742,
82603,σπουδαστής,NOUN,m,34742,
35104,ἐπίσσωτρον,NOUN,n,34746,WR
35351,ἐπίσωτρον,NOUN,n,34746,WR
35171,ἐπίστιον,NOUN,n,34813,
71320,πίστιον,NOUN,n,34813,
35209,ἐπιστρεπτικός,ADJ,-,34851,
35518,ἐπιτρεπτικός,ADJ,-,34851,
35213,ἐπιστρέφω,VERB,-,34855,
35299,ἐπισυστρέφω,VERB,-,34855,
35275,ἐπισυνθετικός,ADJ,-,34917,
86668,συνθετικός,ADJ,-,34917,
35322,ἐπισφραγισμός,NOUN,m,34963,
87701,σφραγισμός,NOUN,m,34963,
35323,ἐπισφραγιστής,NOUN,m,34964,
87704,σφραγιστής,NOUN,m,34964,
35360,ἐπιτάκτης,NOUN,m,35000,
88095,τάκτης,NOUN,m,35000,
35408,ἐπιτελευτή,NOUN,f,35047,
88741,τελευτή,NOUN,f,35047,
35418,ἐπιτερατεύομαι,VERB,-,35057,
88830,τερατεύομαι,VERB,-,35057,
35419,ἐπιτερματίζω,VERB,-,35058,
88881,τερματίζω,VERB,-,35058,
35420,ἐπιτέρμιος,ADJ,-,35059,
88887,τέρμιος,ADJ,-,35059,
35463,ἐπιτηρητής,NOUN,m,35101,
89439,τηρητής,NOUN,m,35101,
35464,ἐπιτηρητικός,ADJ,-,35102,
89440,τηρητικός,ADJ,-,35102,
35509,ἐπιτραγηματίζω,VERB,-,35147,
89914,τραγηματίζω,VERB,-,35147,
35527,ἐπιτριήραρχος,NOUN,m,35164,
90298,τριήραρχος,NOUN,m,35164,
35538,ἐπιτροπαῖος,ADJ,-,35175,
90777,τροπαῖος,ADJ,-,35175,
35585,ἐπιφάσκω,VERB,-,35222,
71372,πιφάσκω,VERB,-,35222,
35589,ἐπιφαύσκω,VERB,-,35226,
71373,πιφαύσκω,VERB,-,35226,
35640,ἐπιφορτισμός,NOUN,m,35277,
96634,φορτισμός,NOUN,m,35277,
35690,ἐπιχαριεντίζομαι,VERB,-,35327,
97682,χαριεντίζομαι,VERB,-,35327,
35736,ἐπιχορήγημα,NOUN,n,35373,
98588,χορήγημα,NOUN,n,35373,
35768,ἐπίχρωσις,NOUN,f,35405,
35783,ἐπίχωσις,NOUN,f,35405,
36080,ἐπῳάδιος,ADJ,-,35710,
94486,ὑπῳάδιος,ADJ,-,35710,
36148,ἔρανος,NOUN,m,35778,
40694,ἤρανος,NOUN,m,35778,
36378,ἐρίγδουπος,ADJ,-,36008,
36390,ἐρίδουπος,ADJ,-,36008,
36698,Ἐρχομενός,NOUN,m,36327,
64449,Ὀρχομενός,NOUN,m,36327,
36712,ἐρωτηματικός,ADJ,-,36341,
39643,ζητηματικός,ADJ,-,36341,
79497,ῥηματικός,ADJ,-,36341,
36715,ἐρωτητικός,ADJ,-,36344,
36720,ἐρωτικός,ADJ,-,36344,
36780,ἐσπουδασμένως,ADV,-,36408,
86512,συνεσπουδασμένως,ADV,-,36408,
36782,ἐσσεδάριος,NOUN,m,36410,
88945,τεσσεδάριος,NOUN,m,36410,
36797,ἑστήκω,VERB,-,36425,
83109,στήκω,VERB,-,36425,
36808,ἑστιατορία,NOUN,f,36436,
36810,ἑστιατορίς,NOUN,f,36436,
36828,ἐσχάρα,NOUN,f,36454,
87751,σχάρα,NOUN,f,36454,
36899,ἑτερήμερος,ADJ,-,36525,
36953,ἑτερομερής,ADJ,-,36525,
36932,ἑτεροιότης,NOUN,f,36557,
36959,ἑτερομοιότης,NOUN,f,36557,
37027,ἑτερώνυμος,ADJ,-,36649,
78512,πτερώνυμος,ADJ,-,36649,
37341,εὔδεκτος,ADJ,-,36963,
38939,εὔφλεκτος,ADJ,-,36963,
37551,εὐεργετητικός,ADJ,-,37172,
37553,εὐεργετικός,ADJ,-,37172,
37779,εὐθύς,NOUN,f,37399,
37780,εὐθύς,NOUN,f,37399,
37882,εὐκαταφερής,ADJ,-,37500,
47449,καταφερής,ADJ,-,37500,
37938,εὔκολλος,ADJ,-,37555,
37939,εὔκολος,ADJ,-,37555,
38089,Εὐμένειος,NOUN,m,37705,
38090,Εὐμένειος,NOUN,m,37705,
38337,εὐπέμπελος,ADJ,-,37951,
68859,πέμπελος,ADJ,-,37951,
38352,εὐπερίκοπτος,ADJ,-,37966,
38356,εὐπερίοπτος,ADJ,-,37966,
38363,εὐπερίστρεπτος,ADJ,-,37976,
38365,εὐπερίτρεπτος,ADJ,-,37976,
38364,εὐπερίστροφος,ADJ,-,37977,
70427,περίστροφος,ADJ,-,37977,
38717,εὐστομαχέω,VERB,-,38329,
83370,στομαχέω,VERB,-,38329,
38763,εὐσυνεσία,NOUN,f,38375,
38766,εὐσυνθεσία,NOUN,f,38375,
38843,εὔτομος,ADJ,-,38454,
38849,εὔτοξος,ADJ,-,38454,
38993,εὐχαριστικός,ADJ,-,38602,
97696,χαριστικός,ADJ,-,38602,
39003,εὐχετάομαι,VERB,-,38612,
70826,πετάομαι,VERB,-,38612,
39067,εὐώνυμος,NOUN,f,38676,
39068,εὐώνυμος,NOUN,f,38676,
39070,εὐωπός,NOUN,m,38678,
39071,εὐωπός,NOUN,m,38678,
39290,ἔφοδος,NOUN,m,38895,
39292,ἔφοδος,NOUN,m,38895,
39291,ἔφοδος,NOUN,f,38896,
39293,ἔφοδος,NOUN,f,38896,
39310,ἐφορικός,ADJ,-,38913,
96590,φορικός,ADJ,-,38913,
39319,ἔφορμος,NOUN,m,38921,
39320,ἔφορμος,NOUN,m,38921,
39347,ἐφώριος,ADJ,-,38948,
97235,φώριος,ADJ,-,38948,
39386,ἐχθεσινός,ADJ,-,38987,
98178,χθεσινός,ADJ,-,38987,
39389,ἐχθιζινός,ADJ,-,38990,
98179,χθιζινός,ADJ,-,38990,
39446,ἐχομένιον,NOUN,n,39047,
65038,ὀχομένιον,NOUN,n,39047,
39509,ζακρυόεις,ADJ,-,39110,
51460,κρυόεις,ADJ,-,39110,
62096,ὀκρυόεις,ADJ,-,39110,
39514,ζαλέω,VERB,-,39115,
44868,καλέω,VERB,-,39115,
39563,ζετραία,NOUN,f,39163,
70852,πετραία,NOUN,f,39163,
39644,ζήτησις,NOUN,f,39242,
84314,συζήτησις,NOUN,f,39242,
39966,ὅς,NOUN,m,39560,
39967,ὅς,NOUN,m,39560,
40051,ἠερόφωνος,ADJ,-,39643,
42871,ἱερόφωνος,ADJ,-,39643,
40064,ἠθητικός,ADJ,-,39656,
41818,θητικός,ADJ,-,39656,
40076,ἠθοποιός,ADJ,-,39668,
40131,ἠλιθοποιός,ADJ,-,39668,
53886,λιθοποιός,ADJ,-,39668,
40111,ἡλιάζομαι,VERB,-,39703,
53716,λιάζομαι,VERB,-,39703,
40187,ἡλοκόπον,NOUN,n,39778,
58981,μυλοκόπον,NOUN,n,39778,
40198,ἠλυγαῖος,ADJ,-,39789,
54568,λυγαῖος,ADJ,-,39789,
40216,ἠμελημένως,ADV,-,39805,
56470,μεμελημένως,ADV,-,39805,
40227,ἡμερίδιον,NOUN,n,39816,
56530,μερίδιον,NOUN,n,39816,
40230,ἡμερίς,NOUN,f,39819,
56544,μερίς,NOUN,f,39819,
40255,ἡμεροποιός,ADJ,-,39844,
56563,μεροποιός,ADJ,-,39844,
40484,ἡμίσευμα,NOUN,n,40071,
57960,μίσευμα,NOUN,n,40071,
40493,ἡμισπιθαμιαῖος,ADJ,-,40080,
82454,σπιθαμιαῖος,ADJ,-,40080,
40646,ἠπειρόω,VERB,-,40232,
82382,σπειρόω,VERB,-,40232,
87389,συσπειρόω,VERB,-,40232,
40712,ἠριγένεια,NOUN,f,40297,
90217,τριγένεια,NOUN,f,40297,
40727,ἡρμοσμένως,ADV,-,40312,
86640,συνηρμοσμένως,ADV,-,40312,
40844,θαλαμίτης,NOUN,m,40429,
44823,καλαμίτης,NOUN,m,40429,
40905,θαλιάζω,VERB,-,40487,
43881,Ἰταλιάζω,VERB,-,40487,
40913,θαλλοφορέω,VERB,-,40495,
94949,φαλλοφορέω,VERB,-,40495,
40929,θαλύπτω,VERB,-,40511,
45145,καλύπτω,VERB,-,40511,
41023,θαυματόεις,ADJ,-,40603,
51890,κυματόεις,ADJ,-,40603,
41093,θεήλατος,ADJ,-,40672,
59717,νεήλατος,ADJ,-,40672,
41122,θεῖος,NOUN,n,40700,
41124,θεῖος,NOUN,n,40700,
41123,θεῖος,NOUN,m,40701,
41125,θεῖος,NOUN,m,40701,
41207,θεογενής,ADJ,-,40776,
59883,νεογενής,ADJ,-,40776,
41219,θεόδμητος,ADJ,-,40788,
59901,νεόδμητος,ADJ,-,40788,
41232,θεόθρεπτος,ADJ,-,40800,
59929,νεόθρεπτος,ADJ,-,40800,
41237,θεοκατασκεύαστος,ADJ,-,40805,
59936,νεοκατασκεύαστος,ADJ,-,40805,
41254,θεόκτητος,ADJ,-,40822,
59959,νεόκτητος,ADJ,-,40822,
41259,θεόληπτος,ADJ,-,40827,
59966,νεόληπτος,ADJ,-,40827,
41283,θεόμοιρος,ADJ,-,40850,
58233,μοιρονόμος,ADJ,-,40850,
58513,μονόμοιρος,ADJ,-,40850,
41305,θεόπνευστος,ADJ,-,40872,
59991,νεόπνευστος,ADJ,-,40872,
41309,θεοποίητος,ADJ,-,40876,
59993,νεοποίητος,ADJ,-,40876,
41316,θεοπρεπής,ADJ,-,40883,
60002,νεοπρεπής,ADJ,-,40883,
41331,θεόρρυτος,ADJ,-,40897,
60012,νεόρρυτος,ADJ,-,40897,
41333,θεός,NOUN,m,40899,
41334,θεός,NOUN,m,40899,
41359,θεότευκτος,ADJ,-,40924,
60057,νεότευκτος,ADJ,-,40924,
41371,θεουργός,NOUN,m,40936,
60073,νεουργός,NOUN,m,40936,
60074,νεουργός,NOUN,m,40936,
41385,θεόφοιτος,ADJ,-,40950,
60083,νεόφοιτος,ADJ,-,40950,
64192,ὀρνεόφοιτος,ADJ,-,40950,
41400,θεόχρηστος,ADJ,-,40965,
60097,νεόχρηστος,ADJ,-,40965,
41456,θερμάζω,VERB,-,41018,
98046,χερμάζω,VERB,-,41018,
41503,θερμός,NOUN,n,41064,
41504,θερμός,NOUN,n,41064,
41692,Θήρα,NOUN,f,41251,
41693,θήρα,NOUN,f,41251,
41867,θνῆσις,NOUN,f,41421,
60355,νῆσις,NOUN,f,41421,
41871,θνητοειδής,ADJ,-,41425,
60382,νητοειδής,ADJ,-,41425,
41884,θοινάτωρ,NOUN,m,41438,
72209,ποινάτωρ,NOUN,m,41438,
41895,θολοειδής,ADJ,-,41449,
82172,σολοειδής,ADJ,-,41449,
41898,θολός,NOUN,m,41452,
41899,θολός,NOUN,m,41452,
41911,θορίσκομαι,VERB,-,41464,
50539,κορίσκομαι,VERB,-,41464,
41925,θορώδης,ADJ,-,41476,
95392,φθορώδης,ADJ,-,41476,
41936,θραγμός,NOUN,m,41487,
87706,σφραγμός,NOUN,m,41487,WR
96664,φραγμός,NOUN,m,41487,WR
41996,Θρᾷττα,NOUN,f,41547,
41997,θρᾷττα,NOUN,f,41547,
42014,θρεμμάτιον,NOUN,n,41564,
68846,πεμμάτιον,NOUN,n,41564,
42135,θρύον,NOUN,n,41683,
42136,θρύον,NOUN,n,41683,
42175,θύελλα,NOUN,f,41722,
42176,θύελλα,NOUN,f,41722,
42183,θυελλώδης,ADJ,-,41729,
58857,μυελώδης,ADJ,-,41729,
42230,θύμαλλος,NOUN,m,41776,
89484,τιθύμαλλος,NOUN,m,41776,
42353,θυρευτής,NOUN,m,41898,
50808,κουρευτής,NOUN,m,41898,
42372,θυροποιός,NOUN,m,41917,
54712,λυροποιός,NOUN,m,41917,
59164,μυροποιός,NOUN,m,41917,
87300,συροποιός,NOUN,m,41917,
42391,θυρσοφόρος,ADJ,-,41936,
79133,πυρσοφόρος,ADJ,-,41936,
42415,θυσιαστής,NOUN,m,41960,
86728,συνθυσιαστής,NOUN,m,41960,
42537,ἰατήριον,NOUN,n,42082,
43046,ἱλατήριον,NOUN,n,42082,
42751,ἱεράτευμα,NOUN,n,42295,
88829,τεράτευμα,NOUN,n,42295,
42808,ἱερόληπτος,ADJ,-,42352,
94547,ὑστερόληπτος,ADJ,-,42352,
42817,ἱερομοσχοσφραγιστής,NOUN,m,42361,
58722,μοσχοσφραγιστής,NOUN,m,42361,
42927,ἰθύς,NOUN,f,42470,
42928,ἰθύς,NOUN,f,42470,
42992,ἰκρίωμα,NOUN,n,42533,
51315,κρίωμα,NOUN,n,42533,
42995,ἴκταρ,NOUN,n,42536,
42997,ἴκταρ,NOUN,n,42536,
42996,ἴκταρ,NOUN,m,42537,
42998,ἴκταρ,NOUN,m,42537,
43159,ἰνάριον,NOUN,n,42693,
43763,ἱστάριον,NOUN,n,42693,
43210,ἰξοβόλος,ADJ,-,42742,
43230,ἰοβόλος,ADJ,-,42742,
43251,ἰός,NOUN,m,42782,
43252,ἰός,NOUN,m,42782,
43253,ἰός,NOUN,m,42782,
43346,ἱππιοχάρμης,NOUN,m,42875,
43456,ἱπποχάρμης,NOUN,m,42875,
43486,ἴς,NOUN,f,43014,
43487,ἴς,NOUN,f,43014,
43519,ἰσημερινός,ADJ,-,43045,
80689,σημερινός,ADJ,-,43045,
43760,Ἱσπανία,NOUN,f,43286,
82281,σπανία,NOUN,f,43286,
43885,Ἰταλός,NOUN,m,43408,
43886,ἰταλός,NOUN,m,43408,
43924,ἰχαίνω,VERB,-,43445,
97278,χαίνω,VERB,-,43445,
44342,καί,CCONJ,-,43855,
44343,καί,CCONJ,-,43855,
44347,μήν,NOUN,m,43859,
44348,μήν,NOUN,m,43859,
44494,κακογνώμων,ADJ,-,43999,
55214,μαλακογνώμων,ADJ,-,43999,
44605,κακονόητος,ADJ,-,44109,
44727,κακοϋπονόητος,ADJ,-,44109,
44655,κακορέκτης,NOUN,m,44158,
44658,κακορρέκτης,NOUN,m,44158,
44773,καλαβώτης,NOUN,m,44274,
81253,σκαλαβώτης,NOUN,m,44274,
44963,κάλλιον,NOUN,n,44460,
44964,κάλλιον,NOUN,n,44460,
45038,καλλοποιός,ADJ,-,44534,
45091,καλοποιός,ADJ,-,44534,
45045,καλλύνω,VERB,-,44541,
46151,κατακαλλύνω,VERB,-,44541,
45057,καλοβάτης,NOUN,m,44553,
81281,σκαλοβάτης,NOUN,m,44553,
45078,καλοκαιριανός,NOUN,m,44573,
45079,καλοκαιρινός,NOUN,m,44573,
45223,κάμμα,NOUN,n,44714,
81288,σκάμμα,NOUN,n,44714,
45272,κανάβινος,ADJ,-,44763,
45322,καννάβινος,ADJ,-,44763,
45275,κάναθρον,NOUN,n,44766,WR
45326,κάνναθρον,NOUN,n,44766,WR
45288,κανδαλιστής,NOUN,m,44779,
81296,σκανδαλιστής,NOUN,m,44779,
45353,κάπετος,NOUN,f,44841,
81315,σκάπετος,NOUN,f,44841,
45406,καππυρίζω,VERB,-,44893,
45424,καπυρίζω,VERB,-,44893,
45428,καπυρώδης,ADJ,-,44914,
79138,πυρώδης,ADJ,-,44914,
45505,καρθμός,NOUN,m,44990,
81328,σκαρθμός,NOUN,m,44990,
45507,καριδάριον,NOUN,n,44992,
79785,ῥοιδάριον,NOUN,n,44992,
45509,Καρίζω,VERB,-,44994,
81329,σκαρίζω,VERB,-,44994,
45515,Κάριος,ADJ,-,45000,
55042,μακάριος,ADJ,-,45000,
45547,κάρον,NOUN,n,45032,
45611,κάρρον,NOUN,n,45032,
45621,καρτερέω,VERB,-,45104,
88866,τερέω,VERB,-,45104,
45713,κασοποιός,NOUN,m,45196,
45724,κασσοποιός,NOUN,m,45196,
45733,Κάστωρ,NOUN,m,45215,
45734,κάστωρ,NOUN,m,45215,
45740,κατά,ADP,-,45221,
45741,κατά,ADP,-,45221,
45746,καταβάλλω,VERB,-,45225,
75198,προκαταβάλλω,VERB,-,45225,
76957,προσκαταβάλλω,VERB,-,45225,
45784,καταβλακεύω,VERB,-,45262,WR
46514,καταμβλακεύω,VERB,-,45262,WR
45791,καταβλητικός,ADJ,-,45269,
46672,καταντλητικός,ADJ,-,45269,
45844,καταγγίζω,VERB,-,45321,
45868,καταγίζω,VERB,-,45321,
45867,καταγιγνώσκω,VERB,-,45344,
46596,καταναγιγνώσκω,VERB,-,45344,
45959,καταδέομαι,VERB,-,45435,
46118,καταιδέομαι,VERB,-,45435,
46129,καταίρω,VERB,-,45602,
47525,καταχαίρω,VERB,-,45602,
46132,καταισιμόω,VERB,-,45605,
46604,καταναισιμόω,VERB,-,45605,
46150,κατακαλέω,VERB,-,45623,
46377,καταλαλέω,VERB,-,45623,
46411,καταλέω,VERB,-,45623,
46168,κατάκαυσις,NOUN,f,45640,
46211,κατάκλαυσις,NOUN,f,45640,
46341,κατακτάομαι,VERB,-,45806,
76974,προσκατακτάομαι,VERB,-,45806,
46678,κατανύω,VERB,-,46133,
47341,κατατανύω,VERB,-,46133,
46947,καταράομαι,VERB,-,46401,
47568,καταχράομαι,VERB,-,46401,
46950,καταράσσω,VERB,-,46404,WR
46994,καταρράσσω,VERB,-,46404,WR
47343,καταταράσσω,VERB,-,46404,
47530,καταχαράσσω,VERB,-,46404,
46952,καταραχίζω,VERB,-,46406,
46998,καταρραχίζω,VERB,-,46406,
46963,καταρέζω,VERB,-,46417,
46999,καταρρέζω,VERB,-,46417,
46970,καταρινάω,VERB,-,46423,
47014,καταρρινάω,VERB,-,46423,
46971,καταρίπτω,VERB,-,46424,
47017,καταρρίπτω,VERB,-,46424,
47062,κατάσβεσις,NOUN,f,46510,
47321,κατάσχεσις,NOUN,f,46510,
47262,καταστοχάζομαι,VERB,-,46704,
75280,προκαταστοχάζομαι,VERB,-,46704,
47278,καταστρέφω,VERB,-,46719,
75281,προκαταστρέφω,VERB,-,46719,
47347,καταταχέω,VERB,-,46784,
47543,καταχέω,VERB,-,46784,
47363,κατατήκω,VERB,-,46800,
47846,κατήκω,VERB,-,46800,
47366,κατατίλλω,VERB,-,46803,
47883,κατίλλω,VERB,-,46803,
47444,καταφατίζω,VERB,-,46881,
47523,καταφωτίζω,VERB,-,46881,
47495,καταφρονέω,VERB,-,46931,
77016,προσκαταφρονέω,VERB,-,46931,
47585,κατάχρωσις,NOUN,f,47015,
47601,κατάχωσις,NOUN,f,47015,
47921,κάτοικος,NOUN,m,47342,
47922,κάτοικος,NOUN,m,47342,
48003,κατορύσσω,VERB,-,47421,
93447,ὑποκατορύσσω,VERB,-,47421,
48157,καυχηματικός,ADJ,-,47573,
64991,ὀχηματικός,ADJ,-,47573,
87798,σχηματικός,ADJ,-,47573,
48163,καφώρη,NOUN,f,47579,
81373,σκαφώρη,NOUN,f,47579,
48225,κεδάννυμι,VERB,-,47641,
81374,σκεδάννυμι,VERB,-,47641,
48360,κέμμα,NOUN,n,47768,
81403,σκέμμα,NOUN,n,47768,
48392,κενολογέω,VERB,-,47800,
61043,ξενολογέω,VERB,-,47800,
48393,κενολογία,NOUN,f,47801,
61044,ξενολογία,NOUN,f,47801,
48519,κεράς,NOUN,f,47921,
48520,κεράς,NOUN,f,47921,
48689,κέρχνος,NOUN,m,48089,
48690,κέρχνος,NOUN,m,48089,
48700,κεστός,NOUN,m,48099,
48701,κεστός,NOUN,m,48099,
48728,κεφαλαιόω,VERB,-,48125,
85390,συνανακεφαλαιόω,VERB,-,48125,
48826,κήλη,NOUN,f,48218,
48827,κήλη,NOUN,f,48218,
48848,κήμωσις,NOUN,f,48239,
98124,χήμωσις,NOUN,f,48239,
48917,κηρόδετος,ADJ,-,48308,
71051,πηρόδετος,ADJ,-,48308,
48978,κήτειος,ADJ,-,48368,
98169,χήτειος,ADJ,-,48368,
49030,κιθαρίζω,VERB,-,48419,
93470,ὑποκιθαρίζω,VERB,-,48419,
49123,κίνησις,NOUN,f,48508,
79632,ῥίνησις,NOUN,f,48508,
49169,κίουρος,NOUN,m,48554,
81593,σκίουρος,NOUN,m,48554,
49171,κίραφος,NOUN,m,48556,
81605,σκίραφος,NOUN,m,48556,
49173,κίρκη,NOUN,f,48558,
49174,Κίρκη,NOUN,f,48558,
49199,κισηρίζω,VERB,-,48582,
49216,κισσηρίζω,VERB,-,48582,
49217,κίσσησις,NOUN,f,48599,
71283,πίσσησις,NOUN,f,48599,
49270,κίφος,NOUN,n,48652,
81642,σκίφος,NOUN,n,48652,
49284,κλαγγάζω,VERB,-,48666,
52513,λαγγάζω,VERB,-,48666,
49296,κλαδάω,VERB,-,48678,
71406,πλαδάω,VERB,-,48678,
49312,κλαδώδης,ADJ,-,48694,
71412,πλαδώδης,ADJ,-,48694,
49331,κλάσις,NOUN,f,48713,
71470,πλάσις,NOUN,f,48713,
96234,φλάσις,NOUN,f,48713,
49393,κλείω,VERB,-,48775,
53147,λείω,VERB,-,48775,
49403,κλεπτάριον,NOUN,n,48785,
53281,λεπτάριον,NOUN,n,48785,
83530,στρεπτάριον,NOUN,n,48785,
49413,κλεπτοσύνη,NOUN,f,48795,
53336,λεπτοσύνη,NOUN,f,48795,
49439,κληδών,NOUN,f,48821,WR
49442,κληηδών,NOUN,f,48821,WR
49448,κλῆμα,NOUN,n,48829,
53627,λῆμα,NOUN,n,48829,
81648,σκλῆμα,NOUN,n,48829,
49457,κληματόομαι,VERB,-,48837,
53632,ληματόομαι,VERB,-,48837,
49459,κληρικός,NOUN,m,48839,
49460,κληρικός,NOUN,m,48839,
49464,κληρονομέω,VERB,-,48843,
75356,προκληρονομέω,VERB,-,48843,
49470,κλῆρος,NOUN,m,48849,
53681,λῆρος,NOUN,m,48849,
49471,κληρουργία,NOUN,f,48850,
81684,σκληρουργία,NOUN,f,48850,
49475,κληρουχία,NOUN,f,48854,
81686,σκληρουχία,NOUN,f,48854,
49477,κληρόω,VERB,-,48856,
81691,σκληρόω,VERB,-,48856,
49478,κλήρωσις,NOUN,f,48857,
81698,σκλήρωσις,NOUN,f,48857,
49485,κλῆσις,NOUN,f,48864,
53687,λῆσις,NOUN,f,48864,
89634,τλῆσις,NOUN,f,48864,
49486,κλητέος,ADJ,-,48865,
89635,τλητέος,ADJ,-,48865,
49519,κλινικός,NOUN,m,48897,
49520,κλινικός,NOUN,m,48897,
49537,κλινουργός,NOUN,m,48914,
54085,λινουργός,NOUN,m,48914,
49576,κλόπιμος,ADJ,-,48951,
54476,λόπιμος,ADJ,-,48951,
49602,κλύσις,NOUN,f,48975,
54740,λύσις,NOUN,f,48975,
96407,φλύσις,NOUN,f,48975,
49610,κλυστηρίδιον,NOUN,n,48983,
61325,ξυστηρίδιον,NOUN,n,48983,
49627,κλύω,VERB,-,49000,
54824,λύω,VERB,-,49000,
49854,κοιλίδιον,NOUN,n,49226,
49995,κοιτίδιον,NOUN,n,49226,
49902,κοιμιστικός,ADJ,-,49274,
50260,κομιστικός,ADJ,-,49274,
50011,κοκκινοβαφής,ADJ,-,49378,
50016,κοκκοβαφής,ADJ,-,49378,
50038,κολαβρεύομαι,VERB,-,49403,
52481,λαβρεύομαι,VERB,-,49403,
50114,κόλλοψ,NOUN,m,49479,
81745,σκόλοψ,NOUN,m,49479,
50201,κόλυθρον,NOUN,n,49566,
81746,σκόλυθρον,NOUN,n,49566,
50218,κόλχος,NOUN,m,49583,
50219,Κόλχος,NOUN,m,49583,
50254,κόμιον,NOUN,n,49618,
81753,σκόμιον,NOUN,n,49618,
50291,κομπός,NOUN,m,49653,
73415,πομπός,NOUN,m,49653,
50367,κοντός,NOUN,m,49727,
50368,κοντός,NOUN,m,49727,
50373,κόνυζα,NOUN,f,49731,
81754,σκόνυζα,NOUN,f,49731,
50495,κορβᾶν,NOUN,m,49852,
50496,κορβᾶν,NOUN,m,49852,
50540,κορίσκος,NOUN,m,49895,
91194,τυρίσκος,NOUN,m,49895,
50572,Κορυβαντιασμός,NOUN,m,49927,
50577,Κορυβαντισμός,NOUN,m,49927,
50734,κοσσύμβη,NOUN,f,50087,
50740,κοσύμβη,NOUN,f,50087,
50744,κοτεινός,ADJ,-,50096,
81831,σκοτεινός,ADJ,-,50096,
50754,κότος,NOUN,m,50106,
81860,σκότος,NOUN,m,50106,
50801,κουρβών,NOUN,m,50151,
50812,κουρεών,NOUN,m,50151,
50895,κρααίνω,VERB,-,50243,WR
50924,κραίνω,VERB,-,50243,WR
50947,κράμβος,NOUN,m,50292,
50948,κράμβος,NOUN,m,50292,
50966,κράνος,NOUN,n,50310,
50968,κράνος,NOUN,n,50310,
50967,κράνος,NOUN,f,50311,
50969,κράνος,NOUN,f,50311,
51043,κρατιστεύω,VERB,-,50382,
73909,πρατιστεύω,VERB,-,50382,
51066,κραυγαστικός,ADJ,-,50403,
96687,φραστικός,ADJ,-,50403,
51073,κραῦρος,NOUN,m,50410,
51074,κραῦρος,NOUN,m,50410,
51202,Κρήτη,NOUN,f,50537,
51203,κρήτη,NOUN,f,50537,
51256,κρίκιον,NOUN,n,50590,
54852,λωρίκιον,NOUN,n,50590,
51283,κριοειδής,ADJ,-,50617,
62093,ὀκριοειδής,ADJ,-,50617,
51312,κριτικός,ADJ,-,50646,
99307,χωριτικός,ADJ,-,50646,
51381,Κρόνος,NOUN,m,50714,
51382,κρόνος,NOUN,m,50714,
51605,κτύπος,NOUN,m,50930,
91143,τύπος,NOUN,m,50930,
51636,κυάνεος,ADJ,-,50961,
93551,ὑποκυάνεος,ADJ,-,50961,
51665,κυβαλικός,ADJ,-,50990,
81881,σκυβαλικός,ADJ,-,50990,
51673,κυβέλη,NOUN,f,50998,
51674,Κυβέλη,NOUN,f,50998,
51676,κυβερνάω,VERB,-,51000,
75423,προκυβερνάω,VERB,-,51000,
93552,ὑποκυβερνάω,VERB,-,51000,
51721,κυδαίνω,VERB,-,51045,
58836,μυδαίνω,VERB,-,51045,
51752,κύθιον,NOUN,n,51076,
81899,Σκύθιον,NOUN,n,51076,
51829,κυκνόπτερος,ADJ,-,51152,
78744,πυκνόπτερος,ADJ,-,51152,
51885,κυμάτιον,NOUN,n,51206,
60116,νευμάτιον,NOUN,n,51206,
71939,πνευμάτιον,NOUN,n,51206,
51946,κυνάριον,NOUN,n,51266,
63144,ὀνάριον,NOUN,n,51266,
52109,Κύπρος,NOUN,f,51428,
52110,κύπρος,NOUN,f,51428,
52127,κυρία,NOUN,f,51445,
52128,κυρία,NOUN,f,51445,
52141,κύριος,NOUN,m,51458,
52142,κύριος,NOUN,m,51458,
52166,κύρτιον,NOUN,n,51482,
52196,κύστιον,NOUN,n,51482,
52224,κύφωμα,NOUN,n,51539,
82016,σκύφωμα,NOUN,n,51539,
52279,κωλάριον,NOUN,n,51594,
87909,σωλάριον,NOUN,n,51594,
52314,κωλωτοειδής,ADJ,-,51628,
54867,λωτοειδής,ADJ,-,51628,
52373,κωνάριον,NOUN,n,51687,
89745,τονάριον,NOUN,n,51687,
97202,φωνάριον,NOUN,n,51687,
52380,κωνικός,ADJ,-,51694,
52688,Λακωνικός,ADJ,-,51694,
52423,κωρύκιον,NOUN,n,51737,
52424,Κωρύκιος,NOUN,n,51737,
52425,Κωρυκίς,NOUN,f,51738,
52426,κωρυκίς,NOUN,f,51738,
52430,κώρυκος,NOUN,m,51742,
52431,Κώρυκος,NOUN,m,51742,
52456,κώψ,NOUN,m,51767,
82059,σκώψ,NOUN,m,51767,
52562,λάζομαι,VERB,-,51871,
91695,ὑλάζομαι,VERB,-,51871,
52611,λαιμάσσω,VERB,-,51920,
55012,μαιμάσσω,VERB,-,51920,
52619,λαιμός,NOUN,m,51928,
52620,λαιμός,NOUN,m,51928,
52625,λαιμώσσω,VERB,-,51933,
55014,μαιμώσσω,VERB,-,51933,
52629,λαιός,NOUN,m,51937,
52630,λαιός,NOUN,m,51937,
52661,λακίς,NOUN,f,51968,
71427,πλακίς,NOUN,f,51968,
52751,λαμπάς,NOUN,f,52056,
52752,λαμπάς,NOUN,f,52056,
52863,λάρδος,NOUN,m,52166,
67649,πάρδος,NOUN,m,52166,
52912,λαταγέω,VERB,-,52215,
71497,πλαταγέω,VERB,-,52215,
52915,λατάσσω,VERB,-,52218,
71515,πλατάσσω,VERB,-,52218,
52965,λαφυροπωλέω,VERB,-,52268,
59166,μυροπωλέω,VERB,-,52268,
79058,πυροπωλέω,VERB,-,52268,
53081,λειμωνόθεν,ADV,-,52383,
97839,χειμωνόθεν,ADV,-,52383,
53099,λειότης,NOUN,f,52401,
71606,πλειότης,NOUN,f,52401,
53195,λέξις,NOUN,f,52491,
96294,φλέξις,NOUN,f,52491,
53495,λεῦκος,NOUN,m,52787,
53496,Λεῦκος,NOUN,m,52787,
53564,λεώδης,ADJ,-,52854,
70926,πεώδης,ADJ,-,52854,
53580,λῆδον,NOUN,n,52870,
53581,λῆδος,NOUN,n,52870,
53614,ληκτέον,VERB,-,52902,
71727,πληκτέον,VERB,-,52902,
53631,λημάτιον,NOUN,n,52917,
53640,λημμάτιον,NOUN,n,52917,
53905,λιθουργία,NOUN,f,53177,
53908,λιθουρία,NOUN,f,53177,
54023,λινάριον,NOUN,n,53291,
97355,χαλινάριον,NOUN,n,53291,
54059,λινοποιός,ADJ,-,53327,
72222,ποινοποιός,ADJ,-,53327,
81042,σινοποιός,ADJ,-,53327,
54067,Λίνος,NOUN,m,53335,
54068,λίνος,NOUN,m,53335,
54111,λιπαραυγής,ADJ,-,53376,
54134,λιπαυγής,ADJ,-,53376,
54212,λίς,NOUN,m,53476,
54214,λίς,NOUN,m,53476,
54213,λίς,NOUN,f,53477,
54215,λίς,NOUN,f,53477,
54230,λίστριον,NOUN,n,53491,
91736,ὑλίστριον,NOUN,n,53491,
54312,λογίδιον,NOUN,n,53570,
96323,φλογίδιον,NOUN,n,53570,
54324,λογισμός,NOUN,m,53581,
96331,φλογισμός,NOUN,m,53581,
54362,λογοποιέω,VERB,-,53618,
71002,πηλοποιέω,VERB,-,53618,
54404,λοιγός,NOUN,m,53659,
54405,λοιγός,NOUN,m,53659,
54439,λοῖσθος,NOUN,m,53692,
54440,λοῖσθος,NOUN,m,53692,
54571,λυγγώδης,ADJ,-,53818,
54602,λυγώδης,ADJ,-,53818,
54711,λυροποιικός,ADJ,-,53955,
91210,τυροποιικός,ADJ,-,53955,
54726,λυσίκακος,ADJ,-,53969,
54727,λυσίκομος,ADJ,-,53969,
54905,μαγειρεῖον,NOUN,n,54137,
97854,χειρεκμαγεῖον,NOUN,n,54137,
54978,μαθηματικός,NOUN,m,54209,
54979,μαθηματικός,NOUN,m,54209,
54994,μαῖα,NOUN,f,54224,
54995,Μαῖα,NOUN,f,54224,
55037,μάκαρ,NOUN,m,54264,
55038,μάκαρ,NOUN,m,54264,
55249,μαλάσσω,VERB,-,54469,
80152,σαλάσσω,VERB,-,54469,
55368,μαντικός,ADJ,-,54586,
55397,μαραντικός,ADJ,-,54586,
72191,ποιμαντικός,ADJ,-,54586,
55386,μάραγδος,NOUN,m,54604,
82068,σμάραγδος,NOUN,m,54604,
55387,μάραγνα,NOUN,f,54605,
82073,σμάραγνα,NOUN,f,54605,
55432,μαρίλη,NOUN,f,54648,
82076,σμαρίλη,NOUN,f,54648,
55485,μαρτυρία,NOUN,f,54701,
84572,συμμαρτυρία,NOUN,f,54701,
55704,μεγαλαυχής,ADJ,-,54916,
55898,μεγαυχής,ADJ,-,54916,
55713,μεγαλεπίβολος,ADJ,-,54925,
55714,μεγαλεπίβουλος,ADJ,-,54925,
55981,μέθυ,NOUN,n,55191,
55997,μέθυσμα,NOUN,n,55191,
56135,μέλαν,NOUN,n,55343,
56136,μέλαν,NOUN,n,55343,
56238,μελεδών,NOUN,f,55444,
56240,μελεδώνη,NOUN,f,55444,
56263,μέλημα,NOUN,n,55466,
56407,μέλλημα,NOUN,n,55466,
71741,πλημμέλημα,NOUN,n,55466,
56304,μέλινον,NOUN,n,55507,
80565,σέλινον,NOUN,n,55507,
56305,μέλινος,NOUN,m,55508,
56306,μέλινος,NOUN,m,55508,
56382,μελιττώδης,ADJ,-,55584,
56384,μελιτώδης,ADJ,-,55584,
56408,μέλλησις,NOUN,f,55608,
71743,πλημμέλησις,NOUN,f,55608,
56625,μεσίδιον,NOUN,n,55819,
80903,σίδιον,NOUN,n,55819,
56740,μεσπιλώδης,ADJ,-,55934,
71189,πιλώδης,ADJ,-,55934,
82461,σπιλώδης,ADJ,-,55934,
56756,μετά,ADP,-,55950,
56757,μετά,ADP,-,55950,
56758,μετά,ADP,-,55950,
56760,μεταβάλλω,VERB,-,55952,
75532,προμεταβάλλω,VERB,-,55952,
84606,συμμεταβάλλω,VERB,-,55952,
56776,μεταβλητικός,ADJ,-,55968,
56960,μεταμελητικός,ADJ,-,55968,
56858,μεταίτιος,ADJ,-,56050,
84609,συμμεταίτιος,ADJ,-,56050,
56870,μετακατατροπή,NOUN,f,56062,
57153,μετατροπή,NOUN,f,56062,
56880,μετακινέω,VERB,-,56072,
84610,συμμετακινέω,VERB,-,56072,
56917,μεταλαμβάνω,VERB,-,56108,
57016,μεταπαραλαμβάνω,VERB,-,56108,
56931,μεταλλάσσω,VERB,-,56122,
84613,συμμεταλλάσσω,VERB,-,56122,
56963,μεταμέλομαι,VERB,-,56153,
56965,μεταμέλπομαι,VERB,-,56153,
56981,μεταναπείθω,VERB,-,56170,
57021,μεταπείθω,VERB,-,56170,
57046,μεταποιέω,VERB,-,56232,
84615,συμμεταποιέω,VERB,-,56232,
57081,μεταρρυθμίζω,VERB,-,56266,
84617,συμμεταρρυθμίζω,VERB,-,56266,
57215,μεταχωρέω,VERB,-,56396,
84623,συμμεταχωρέω,VERB,-,56396,
57301,μετεωροπολέω,VERB,-,56482,
84626,συμμετεωροπολέω,VERB,-,56482,
57415,μέχρι,ADP,-,56595,
57416,μέχρι,ADP,-,56595,
57418,μή,SCONJ,-,56597,
57419,μή,SCONJ,-,56597,
57420,μή,SCONJ,-,56597,
57528,μηνίσκος,NOUN,m,56705,
98139,χηνίσκος,NOUN,m,56705,
57545,ὅπως,SCONJ,-,56722,
57546,ὅπως,SCONJ,-,56722,
57547,ὅπως,SCONJ,-,56722,
57558,μῆριγξ,NOUN,f,56733,
82105,σμῆριγξ,NOUN,f,56733,
57560,μήρινθος,NOUN,f,56735,
82107,σμήρινθος,NOUN,f,56735,
57715,μικός,ADJ,-,56886,
60533,νομικός,ADJ,-,56886,
57750,μικρολόγος,ADJ,-,56921,
71159,πικρολόγος,ADJ,-,56921,
57764,μικροποιός,ADJ,-,56935,
71161,πικροποιός,ADJ,-,56935,
57814,μικρύνω,VERB,-,56985,
82113,σμικρύνω,VERB,-,56985,
87383,συσμικρύνω,VERB,-,56985,
57889,μίνθος,NOUN,m,57059,
82124,σμίνθος,NOUN,m,57059,
58010,μίσθωσις,NOUN,f,57179,
93696,ὑπομίσθωσις,NOUN,f,57179,
58102,μίτρα,NOUN,f,57271,
58103,Μίτρα,NOUN,f,57271,
58167,μνηστεία,NOUN,f,57328,
60370,νηστεία,NOUN,f,57328,
58168,μνήστειρα,NOUN,f,57329,
60371,νήστειρα,NOUN,f,57329,
58173,μνηστεύω,VERB,-,57334,
60372,νηστεύω,VERB,-,57334,
58179,μνηστός,ADJ,-,57340,
60379,νηστός,ADJ,-,57340,
58180,μνήστρια,NOUN,f,57341,
91795,ὑμνήστρια,NOUN,f,57341,
58202,μοδισμός,NOUN,m,57362,
79732,ῥοδισμός,NOUN,m,57362,
58225,μοιρογραφία,NOUN,f,57385,
97884,χειρογραφία,NOUN,f,57385,
58229,μοιρολογέω,VERB,-,57389,
97911,χειρολογέω,VERB,-,57389,
58371,μονάς,NOUN,f,57529,
58372,μονάς,NOUN,f,57529,
58424,μονογνωμέω,VERB,-,57579,
58425,μονογνωμονέω,VERB,-,57579,
58497,μονομαχέω,VERB,-,57650,
60568,νομομαχέω,VERB,-,57650,
58576,μονοσύστατος,ADJ,-,57728,
60048,νεοσύστατος,ADJ,-,57728,
58612,μονόφυλλος,ADJ,-,57764,
58613,μονόφυλος,ADJ,-,57764,
58652,μόριμος,ADJ,-,57802,
96591,φόριμος,ADJ,-,57802,
58735,μοτώδης,ADJ,-,57884,
60664,νοτώδης,ADJ,-,57884,
58759,μουσίζω,VERB,-,57908,
79838,ῥουσίζω,VERB,-,57908,
58761,μουσική,NOUN,f,57910,
58762,μουσική,NOUN,f,57910,
58800,μοχθέω,VERB,-,57948,
79851,ῥοχθέω,VERB,-,57948,
58843,μύδος,NOUN,m,57989,
58844,μύδος,NOUN,m,57989,
58971,μυλλός,NOUN,m,58113,
58972,μυλλός,NOUN,m,58113,
58976,μυλοειδής,ADJ,-,58117,
83711,στυλοειδής,ADJ,-,58117,
91061,τυλοειδής,ADJ,-,58117,
59019,μυοθήρας,NOUN,m,58158,
87234,συοθήρας,NOUN,m,58158,
59035,μύουρος,NOUN,m,58174,
59037,μύουρος,NOUN,m,58174,
59036,μύουρος,NOUN,f,58175,
59038,μύουρος,NOUN,f,58175,
59069,μυριάρχης,NOUN,m,58206,
87256,Συριάρχης,NOUN,m,58206,
59077,μυρίζω,VERB,-,58214,
82134,σμυρίζω,VERB,-,58214,
59087,μυριόδους,NOUN,m,58224,
90416,τριόδους,NOUN,m,58224,
59101,μυριοπλασίων,ADJ,-,58238,
90559,τρισμυριοπλασίων,ADJ,-,58238,
59114,μυριόφθαλμος,ADJ,-,58251,
90428,τριόφθαλμος,ADJ,-,58251,
59126,μυριστικός,ADJ,-,58262,
99699,ψιθυριστικός,ADJ,-,58262,
59155,μυροθήκη,NOUN,f,58291,
91547,ὑδροθήκη,NOUN,f,58291,
59173,μῦρος,NOUN,m,58307,
82148,σμῦρος,NOUN,m,58307,
59179,μυρόχροος,ADJ,-,58313,
79112,πυρρόχροος,ADJ,-,58313,
59213,μυρτοπώλης,NOUN,m,58347,
98671,χορτοπώλης,NOUN,m,58347,
59220,μυρώδης,ADJ,-,58354,
81969,σκυρώδης,ADJ,-,58354,
59268,μυστικός,ADJ,-,58402,
61328,ξυστικός,ADJ,-,58402,
79954,ῥυστικός,ADJ,-,58402,
59426,νάκη,NOUN,f,58559,
59427,νάκη,NOUN,f,58559,
59538,ναύκληρος,NOUN,m,58669,
75590,προναύκληρος,NOUN,m,58669,
59552,ναῦλλον,NOUN,n,58683,WR
59554,ναῦλον,NOUN,n,58683,WR
59788,νεκρός,NOUN,m,58917,
59789,νεκρός,NOUN,m,58917,
59850,νεμέσιον,NOUN,n,58978,
59851,Νεμέσιον,NOUN,n,58978,
60117,νευρά,NOUN,f,59223,
60118,νευράς,NOUN,f,59223,
60156,νεῦσις,NOUN,f,59260,
71960,πνεῦσις,NOUN,f,59260,
60239,νή,ADP,-,59342,
60240,νή,ADP,-,59342,
60253,νῆϊς,NOUN,m,59355,
60255,νῆϊς,NOUN,m,59355,
60254,νῆϊς,NOUN,f,59356,
60256,νῆϊς,NOUN,f,59356,
60383,νητός,ADJ,-,59469,
91799,ὑμνητός,ADJ,-,59469,
60579,νομοφύλαξ,NOUN,m,59657,
63895,ὀρεοφύλαξ,NOUN,m,59657,
60867,νυχαῖος,ADJ,-,59943,
99824,ψυχαῖος,ADJ,-,59943,
60943,Ξ,VERB,-,60016,
60944,ξ,VERB,-,60016,
61005,ξένη,NOUN,f,60076,
61006,ξένη,NOUN,f,60076,
61053,ξένος,NOUN,m,60121,
61054,ξένος,NOUN,m,60121,
61115,ξηροποιέω,VERB,-,60182,
73566,ποροποιέω,VERB,-,60182,
61183,ξυλάριον,NOUN,n,60250,
83703,στυλάριον,NOUN,n,60250,
91050,τυλάριον,NOUN,n,60250,
61332,ξυστός,NOUN,m,60397,
61333,ξυστός,NOUN,m,60397,
61350,ὅ,NOUN,m,60414,
61351,ὅ,NOUN,m,60414,
61426,ὄγκος,NOUN,m,60487,
61427,ὄγκος,NOUN,m,60487,
61541,ὀδυνώδης,ADJ,-,60601,
63325,ὀνώδης,ADJ,-,60601,
61832,οἰνάς,NOUN,f,60891,
61833,οἰνάς,NOUN,f,60891,
62138,ὀκτάπους,NOUN,m,61194,
62139,ὀκτάπους,NOUN,m,61194,
62187,ὁλάργυρος,ADJ,-,61242,
62446,ὁλοάργυρος,ADJ,-,61242,
62432,ὁλκός,NOUN,m,61487,
62433,ὁλκός,NOUN,m,61487,
62449,ὁλογράμματος,ADJ,-,61502,
95692,φιλογράμματος,ADJ,-,61502,
62529,ὀλός,NOUN,m,61582,
62530,ὀλός,NOUN,m,61582,
62708,Ὅμηρος,NOUN,m,61760,
62709,ὅμηρος,NOUN,m,61760,
62830,ὁμοιοκατάληκτος,ADJ,-,61880,
62901,ὁμοκατάληκτος,ADJ,-,61880,
62835,ὁμοιοκίνητος,ADJ,-,61885,
62905,ὁμοκίνητος,ADJ,-,61885,
62861,ὁμοιόρρυθμος,ADJ,-,61911,
62862,ὁμοιόρρυσμος,ADJ,-,61911,
62891,ὁμοιόχροος,ADJ,-,61940,
62893,ὁμοιόχωρος,ADJ,-,61940,
63076,ὁμοχροέω,VERB,-,62122,
63078,ὁμοχρονέω,VERB,-,62122,
63418,ὀξύλαβος,NOUN,m,62457,
63419,ὀξύλαβος,NOUN,m,62457,
63446,ὀξυπαροπτάω,VERB,-,62484,
68187,παροπτάω,VERB,-,62484,
63477,ὀξύς,NOUN,f,62514,
63478,ὀξύς,NOUN,f,62514,
63528,ὀπήδησις,NOUN,f,62564,
70965,πήδησις,NOUN,f,62564,
63531,ὁπηλίκος,ADJ,-,62567,
70987,πηλίκος,ADJ,-,62567,
63675,ὁπόθεν,ADV,-,62710,WR
63708,ὁππόθεν,ADV,-,62710,WR
63687,ὁποσάκις,ADV,-,62722,
73629,ποσάκις,ADV,-,62722,
63693,ὁποσαχῶς,ADV,-,62728,
73634,ποσαχῶς,ADV,-,62728,
63697,ὁπόστος,ADJ,-,62732,
73663,πόστος,ADJ,-,62732,
63700,ὁπότερος,ADJ,-,62735,
73707,πότερος,ADJ,-,62735,
63702,ὁποτέρωθι,ADV,-,62737,
73710,ποτέρωθι,ADV,-,62737,
63703,ὁποτέρωσε,ADV,-,62738,
73712,ποτέρωσε,ADV,-,62738,
63724,ὀπτήσιμος,ADJ,-,62758,
78523,πτήσιμος,ADJ,-,62758,
63897,ὀρεσιδρόμος,ADJ,-,62927,WR
63908,ὀρεσσιδρόμος,ADJ,-,62927,WR
63916,ὀρέστης,NOUN,m,62945,
90087,τρέστης,NOUN,m,62945,
64071,ὀρθωσία,NOUN,f,63100,
64072,Ὀρθωσία,NOUN,f,63100,
64101,ὀριπλανής,ADJ,-,63128,
90452,τριπλανής,ADJ,-,63128,
64282,ὀροποτέω,VERB,-,63307,
91581,ὑδροποτέω,VERB,-,63307,
64285,ὀρός,NOUN,m,63310,WR
64320,ὀρρός,NOUN,m,63310,WR
64295,ὀροφίας,NOUN,m,63320,
90814,τροφίας,NOUN,m,63320,
64367,ὀρυγμός,NOUN,m,63391,
96860,φρυγμός,NOUN,m,63391,
64399,ὀρφανότης,NOUN,f,63423,
89967,τρανότης,NOUN,f,63423,
94982,φανότης,NOUN,f,63423,
64405,ὀρφεύς,NOUN,m,63429,
64406,Ὀρφεύς,NOUN,m,63429,
64421,ὀρχάς,NOUN,f,63444,
64422,ὀρχάς,NOUN,f,63444,
64596,ὅτε,SCONJ,-,63616,
64597,ὅτε,SCONJ,-,63616,
64706,οὖλος,NOUN,m,63725,
64707,οὖλος,NOUN,m,63725,
64740,οὐραῖος,NOUN,n,63758,
64742,οὐραῖος,NOUN,n,63758,
64741,οὐραῖος,NOUN,m,63759,
64743,οὐραῖος,NOUN,m,63759,
64992,ὀχημάτιον,NOUN,n,64007,
87799,σχημάτιον,NOUN,n,64007,
65103,ὀψιτέλεστος,ADJ,-,64116,WR
94771,ὑψιτέλεστος,ADJ,-,64116,WR
65177,παγίδιον,NOUN,n,64190,
91863,ὑπαγωγίδιον,NOUN,n,64190,
65244,πάθημα,NOUN,n,64256,
82255,σπάθημα,NOUN,n,64256,
65246,πάθησις,NOUN,f,64258,
82256,σπάθησις,NOUN,f,64258,
65413,παιστικός,ADJ,-,64422,
65479,παλαιστικός,ADJ,-,64422,
65483,παλαιστριαῖος,ADJ,-,64490,
90433,τριπαλαιστιαῖος,ADJ,-,64490,
65801,πάν,NOUN,m,64806,
65802,Πάν,NOUN,m,64806,
66326,παρά,ADP,-,65326,
66327,παρά,ADP,-,65326,
66367,παραβλητέος,ADJ,-,65366,
66731,παρακλητέος,ADJ,-,65366,
66576,παραθλίβω,VERB,-,65574,
66990,παραναθλίβω,VERB,-,65574,
66615,παραισθάνομαι,VERB,-,65613,
67907,παρεπαισθάνομαι,VERB,-,65613,
66619,παραίτησις,NOUN,f,65617,
67259,παρασίτησις,NOUN,f,65617,
66695,παρακελευστικός,ADJ,-,65692,
66696,παρακελευστός,ADJ,-,65692,
66749,παρακοάω,VERB,-,65742,
66777,παρακονάω,VERB,-,65742,
66818,παρακτικός,ADJ,-,65808,
67529,παραφρακτικός,ADJ,-,65808,
66985,παραναγιγνώσκω,VERB,-,65970,
91922,ὑπαναγιγνώσκω,VERB,-,65970,
67080,παραπέμπω,VERB,-,66064,
84747,συμπαραπέμπω,VERB,-,66064,
67188,παράπτομαι,VERB,-,66171,
67210,παραρράπτομαι,VERB,-,66171,
67417,παρατεταγμένως,ADV,-,66397,
67418,παρατεταμένως,ADV,-,66397,
67685,παρεδρεία,NOUN,f,66661,
67689,παρεδρία,NOUN,f,66661,
67694,παρειά,NOUN,f,66669,
67696,παρειάς,NOUN,f,66669,
67697,παρεῖδον,VERB,-,66671,
67846,παρενεῖδον,VERB,-,66671,
67742,παρεκβολικός,ADJ,-,66716,
67806,παρεμβολικός,ADJ,-,66716,
67774,παρεκτέον,VERB,-,66748,
67848,παρενεκτέον,VERB,-,66748,
67874,παρέξ,ADP,-,66845,
67875,παρέξ,ADP,-,66845,
67974,παρεύρεσις,NOUN,f,66943,WR
67977,παρεύρησις,NOUN,f,66943,WR
68043,παρθένος,NOUN,f,67011,
68044,παρθένος,NOUN,f,67011,
68159,παρολισθάνω,VERB,-,67126,
84786,συμπαρολισθάνω,VERB,-,67126,
68184,παροξύτονος,ADJ,-,67150,
75765,προπαροξύτονος,ADJ,-,67150,
68222,πάρος,ADP,-,67187,
68223,πάρος,ADP,-,67187,
68232,πάρουρος,NOUN,m,67196,
68233,πάρουρος,NOUN,m,67196,
68310,παρωνυχία,NOUN,f,67272,
68311,παρωνυχίς,NOUN,f,67272,
68383,παστός,NOUN,n,67344,
68385,παστός,NOUN,n,67344,
68384,παστός,NOUN,m,67345,
68386,παστός,NOUN,m,67345,
68424,πάτος,NOUN,n,67380,
82359,σπάτος,NOUN,n,67380,
68661,πεῖ,NOUN,n,67613,
68662,πεῖ,NOUN,n,67613,
68684,πεῖρα,NOUN,f,67634,
82361,σπεῖρα,NOUN,f,67634,
68726,πεκούλιον,NOUN,n,67676,
82391,σπεκούλιον,NOUN,n,67676,
68821,πελματόομαι,VERB,-,67770,
88754,τελματόομαι,VERB,-,67770,
68879,πένης,NOUN,m,67826,
68880,πένης,NOUN,m,67826,
68923,πενόομαι,VERB,-,67869,
92472,ὑπερενόομαι,VERB,-,67869,
69099,πεντηκονταετηρίς,NOUN,f,68045,
90129,τριακονταετηρίς,NOUN,f,68045,
69204,πέρα,NOUN,f,68147,
69205,πέρα,NOUN,f,68147,
69206,πέρα,NOUN,f,68147,
69230,περατικός,ADJ,-,68169,
69235,περατωτικός,ADJ,-,68169,
69255,περί,ADP,-,68193,
69256,περί,ADP,-,68193,
69301,περίαλλος,NOUN,m,68237,
69302,περίαλλος,NOUN,m,68237,
69327,περιάπτω,VERB,-,68262,
69623,περιιάπτω,VERB,-,68262,
69465,περιδέρκομαι,VERB,-,68399,
69466,περιδέρω,VERB,-,68399,
69504,περίδρομος,NOUN,m,68437,
69505,περίδρομος,NOUN,m,68437,
69708,περικερδής,ADJ,-,68635,
69796,περικυδής,ADJ,-,68635,
69758,περίκομος,ADJ,-,68685,
69760,περίκομψος,ADJ,-,68685,
69833,περίλεξις,NOUN,f,68755,
70594,περίφλεξις,NOUN,f,68755,
69902,περινάω,VERB,-,68822,
92590,ὑπερινάω,VERB,-,68822,
70047,περιπετής,ADJ,-,68964,
92781,ὑπερπετής,ADJ,-,68964,
70095,περιπλευμονιακός,ADJ,-,69012,WR
70097,περιπλευμονικός,ADJ,-,69012,WR
70201,περιρράσσω,VERB,-,69115,
70212,περιρρήσσω,VERB,-,69115,
70226,περισαίνω,VERB,-,69138,WR
70314,περισσαίνω,VERB,-,69138,WR
70241,περίσεπτος,ADJ,-,69153,
70377,περίστεπτος,ADJ,-,69153,
70284,περισμαραγέω,VERB,-,69196,
70452,περισφαραγέω,VERB,-,69196,
70627,περιφράσσω,VERB,-,69527,
84878,συμπεριφράσσω,VERB,-,69527,
70791,Περφερέτας,NOUN,m,69689,
95261,φερφερέτας,NOUN,m,69689,
70816,πέταλον,NOUN,n,69714,
70817,πέταλον,NOUN,n,69714,
70907,πεῦσις,NOUN,f,69797,
82438,σπεῦσις,NOUN,f,69797,
70912,πευστικός,ADJ,-,69802,
82439,σπευστικός,ADJ,-,69802,
70932,πηγανίζω,VERB,-,69820,
89341,τηγανίζω,VERB,-,69820,
70935,πηγανίτης,NOUN,m,69823,
89345,τηγανίτης,NOUN,m,69823,
71075,πιαρός,ADJ,-,69956,
99686,ψιαρός,ADJ,-,69956,
71078,πιαστήριος,ADJ,-,69958,
98814,χρηστήριος,ADJ,-,69958,
71192,πιλωτός,ADJ,-,70061,
82463,σπιλωτός,ADJ,-,70061,
71222,πινάριον,NOUN,n,70089,
79617,ῥινάριον,NOUN,n,70089,
71302,πίσσυγγος,NOUN,m,70162,WR
71337,πίσυγγος,NOUN,m,70162,WR
71319,πιστικός,ADJ,-,70179,
71336,πιστωτικός,ADJ,-,70179,
71495,πλάστρια,NOUN,f,70344,
91708,ὑλάστρια,NOUN,f,70344,
71625,πλείων,NOUN,m,70469,
71626,πλείων,NOUN,m,70469,
71629,πλεκόω,VERB,-,70472,
82487,σπλεκόω,VERB,-,70472,
71630,πλεκτανάομαι,VERB,-,70473,WR
71633,πλεκτανόομαι,VERB,-,70473,WR
71640,πλέκωμα,NOUN,n,70482,
82488,σπλέκωμα,NOUN,n,70482,
71753,πλήν,ADP,-,70590,
71754,πλήν,ADP,-,70590,
72032,ποδιαῖος,ADJ,-,70852,
82521,σποδιαῖος,ADJ,-,70852,
72033,ποδίζω,VERB,-,70853,
82524,σποδίζω,VERB,-,70853,
72085,ποθέω,VERB,-,70904,
93347,ὑποθέω,VERB,-,70904,
72305,πολιαίνομαι,VERB,-,71119,
81714,σκολιαίνομαι,VERB,-,71119,
72309,πολιαρχέω,VERB,-,71123,
72349,πολιταρχέω,VERB,-,71123,
72313,Πολιάς,NOUN,f,71127,
72314,πολιάς,NOUN,f,71127,
72399,πολλοσταῖος,ADJ,-,71209,
73660,ποσταῖος,ADJ,-,71209,
72406,πόλος,NOUN,m,71216,
82539,σπόλος,NOUN,m,71216,
72758,πολύκλειστος,ADJ,-,71568,
72759,πολύκλειτος,ADJ,-,71568,
72783,πολύκομος,ADJ,-,71592,
72784,πολύκομπος,ADJ,-,71592,
72838,πολύλλιστος,ADJ,-,71646,
72839,πολύλλιτος,ADJ,-,71646,
72853,πολύμαλλος,ADJ,-,71660,
72854,πολύμαλος,ADJ,-,71660,
73078,πολυρημονέω,VERB,-,71883,
73088,πολυρρημονέω,VERB,-,71883,
73172,πολύστρεπτος,ADJ,-,71976,
73239,πολύτρεπτος,ADJ,-,71976,
73298,πολύφοβος,ADJ,-,72101,
73300,πολύφορβος,ADJ,-,72101,
73315,πολύφυλλος,ADJ,-,72117,
73316,πολύφυλος,ADJ,-,72117,
73497,πορεύς,NOUN,m,72297,
82576,σπορεύς,NOUN,m,72297,
73499,πόρευσις,NOUN,f,72299,
98581,χόρευσις,NOUN,f,72299,
73502,πορευτός,ADJ,-,72302,
82578,σπορευτός,ADJ,-,72302,
73529,πόριον,NOUN,n,72327,
82580,σπόριον,NOUN,n,72327,
73668,ποταίνιος,ADJ,-,72460,
94172,ὑποταίνιος,ADJ,-,72460,
73811,πραγματεύομαι,VERB,-,72598,
84995,συμπραγματεύομαι,VERB,-,72598,
73839,πρακτευτής,NOUN,m,72626,
89960,τρακτευτής,NOUN,m,72626,
73966,πρέσβυς,NOUN,m,72748,
73967,πρέσβυς,NOUN,m,72748,
73991,πρηστηριάζω,VERB,-,72772,
98812,χρηστηριάζω,VERB,-,72772,
73993,πρηστικός,ADJ,-,72774,
98817,χρηστικός,ADJ,-,72774,
74037,πρό,ADP,-,72818,
74038,πρό,ADP,-,72818,
74039,πρό,ADP,-,72818,
74054,προαγόρευσις,NOUN,f,72833,
75951,προσαγόρευσις,NOUN,f,72833,
74079,προαθρέω,VERB,-,72858,
74136,προαναθρέω,VERB,-,72858,
74083,προαικίζομαι,VERB,-,72862,
74259,προαποικίζομαι,VERB,-,72862,
74172,προαναπληρόω,VERB,-,72950,
76070,προσαναπληρόω,VERB,-,72950,
74175,προαναρπάζω,VERB,-,72953,
74333,προαρπάζω,VERB,-,72953,
74245,προαποβάλλω,VERB,-,73023,
76148,προσαποβάλλω,VERB,-,73023,
74249,προαπογλυκαίνω,VERB,-,73027,
74502,προγλυκαίνω,VERB,-,73027,
74287,προαποπληρόω,VERB,-,73064,
75830,προπληρόω,VERB,-,73064,
74296,προαποσημαίνω,VERB,-,73073,
76844,προσημαίνω,VERB,-,73073,
77492,προσσημαίνω,VERB,-,73073,
74300,προαποσταυρόω,VERB,-,73077,
77514,προσσταυρόω,VERB,-,73077,
77572,προσταυρόω,VERB,-,73077,
74305,προαποσφάζω,VERB,-,73082,
74306,προαποσχάζω,VERB,-,73082,
74322,προάπτω,VERB,-,73098,
74375,προβάπτω,VERB,-,73098,
74353,προαυαίνω,VERB,-,73128,
74359,προαφαυαίνω,VERB,-,73128,
74380,προβασκαίνω,VERB,-,73152,
75197,προκαταβαίνω,VERB,-,73152,
76956,προσκαταβαίνω,VERB,-,73152,
74451,πρόβολος,NOUN,m,73223,
74452,πρόβολος,NOUN,m,73223,
74547,προδήλωσις,NOUN,f,73315,
76842,προσήλωσις,NOUN,f,73315,
74552,προδιαβάλλω,VERB,-,73320,
76341,προσδιαβάλλω,VERB,-,73320,
74675,πρόδομος,NOUN,m,73441,
74676,πρόδομος,NOUN,m,73441,
74742,προεισελαύνω,VERB,-,73507,
74824,προελαύνω,VERB,-,73507,
74744,προεισευπορέω,VERB,-,73509,
76451,προσεισευπορέω,VERB,-,73509,
76802,προσευπορέω,VERB,-,73509,
74752,προεισφορά,NOUN,f,73517,
76456,προσεισφορά,NOUN,f,73517,
74756,προεκβιβάζω,VERB,-,73521,
74835,προεμβιβάζω,VERB,-,73521,
74921,προεξέρχομαι,VERB,-,73684,
78005,προϋπεξέρχομαι,VERB,-,73684,
75060,προήδομαι,VERB,-,73822,
75338,προκήδομαι,VERB,-,73822,
75187,προκαλινδέομαι,VERB,-,73945,
75428,προκυλινδέομαι,VERB,-,73945,
75189,προκαλύπτω,VERB,-,73947,
75888,προπροκαλύπτω,VERB,-,73947,
75200,προκαταβλάπτω,VERB,-,73956,
76958,προσκαταβλάπτω,VERB,-,73956,
75205,προκαταγελάω,VERB,-,73961,
76960,προσκαταγελάω,VERB,-,73961,
75206,προκαταγιγνώσκω,VERB,-,73962,
76961,προσκαταγιγνώσκω,VERB,-,73962,
75209,προκαταγράφω,VERB,-,73965,
76962,προσκαταγράφω,VERB,-,73965,
75224,προκατακλύζω,VERB,-,73980,
76973,προσκατακλύζω,VERB,-,73980,
75229,προκαταλαμβάνω,VERB,-,73985,
76978,προσκαταλαμβάνω,VERB,-,73985,
75232,προκαταλείπω,VERB,-,73988,
76980,προσκαταλείπω,VERB,-,73988,
75235,προκατάληξις,NOUN,f,73991,
75238,προκατάληψις,NOUN,f,73991,
75240,προκαταλύω,VERB,-,73995,
76984,προσκαταλύω,VERB,-,73995,
75242,προκαταμανθάνω,VERB,-,73997,
76985,προσκαταμανθάνω,VERB,-,73997,
75246,προκατανοέω,VERB,-,74001,
76989,προσκατανοέω,VERB,-,74001,
75250,προκαταξύω,VERB,-,74005,
76992,προσκαταξύω,VERB,-,74005,
75258,προκαταπλήσσω,VERB,-,74013,
76996,προσκαταπλήσσω,VERB,-,74013,
75261,προκαταριθμέω,VERB,-,74016,
77002,προσκαταριθμέω,VERB,-,74016,
75264,προκαταρρήγνυμι,VERB,-,74019,
77003,προσκαταρρήγνυμι,VERB,-,74019,
75273,προκατασκευαστικός,ADJ,-,74028,
77007,προσκατασκευαστικός,ADJ,-,74028,
75283,προκατασύρω,VERB,-,74036,
77010,προσκατασύρω,VERB,-,74036,
75287,προκαταταχέω,VERB,-,74040,
75296,προκαταχέω,VERB,-,74040,
77018,προσκαταχέω,VERB,-,74040,
75297,προκαταχράομαι,VERB,-,74049,
77001,προσκαταράομαι,VERB,-,74049,
77019,προσκαταχράομαι,VERB,-,74049,
75299,προκαταχωρίζω,VERB,-,74051,
77021,προσκαταχωρίζω,VERB,-,74051,
75312,προκατηγορέω,VERB,-,74064,
77030,προσκατηγορέω,VERB,-,74064,
75321,προκατορθόω,VERB,-,74073,
77033,προσκατορθόω,VERB,-,74073,
75343,προκηρύσσω,VERB,-,74093,
77055,προσκηρύσσω,VERB,-,74093,
75392,προκοπτικός,ADJ,-,74141,
77103,προσκοπτικός,ADJ,-,74141,
75429,προκυλίνδομαι,VERB,-,74175,
75889,προπροκυλίνδομαι,VERB,-,74175,
75466,πρόλημμα,NOUN,n,74212,
77164,πρόσλημμα,NOUN,n,74212,
75504,προμαντεύομαι,VERB,-,74250,
77184,προσμαντεύομαι,VERB,-,74250,
75556,προμηχανάομαι,VERB,-,74299,
77207,προσμηχανάομαι,VERB,-,74299,
75652,πρόοδος,NOUN,f,74393,
75653,πρόοδος,NOUN,f,74393,
75710,προοχεύω,VERB,-,74449,
78155,προχεύω,VERB,-,74449,
75759,προπάροιθε,ADP,-,74498,
75760,προπάροιθε,ADP,-,74498,
75832,πρόπλοος,NOUN,m,74568,
75833,πρόπλοος,NOUN,m,74568,
75933,πρός,ADP,-,74664,
75934,πρός,ADP,-,74664,
75957,προσάγω,VERB,-,74685,
76448,προσεισάγω,VERB,-,74685,
76010,προσαναβαίνω,VERB,-,74738,
76059,προσαναξαίνω,VERB,-,74738,
76060,προσαναξηραίνω,VERB,-,74738,
76144,προσαπεργάζομαι,VERB,-,74869,
78007,προϋπεργάζομαι,VERB,-,74869,
76161,προσαπόκειμαι,VERB,-,74885,
78022,προϋπόκειμαι,VERB,-,74885,
76279,πρόσβλησις,NOUN,f,75003,
77064,πρόσκλησις,NOUN,f,75003,
76452,προσεισκρίνω,VERB,-,75172,
77116,προσκρίνω,VERB,-,75172,
76455,προσεισφέρω,VERB,-,75175,
76617,προσεπεισφέρω,VERB,-,75175,
76489,προσεκτείνω,VERB,-,75208,
76620,προσεπεκτείνω,VERB,-,75208,
76499,προσεκφυτεύω,VERB,-,75218,
77779,προσφυτεύω,VERB,-,75218,
76511,προσελπίζω,VERB,-,75230,
76621,προσεπελπίζω,VERB,-,75230,
76583,προσεξεργάζομαι,VERB,-,75302,
76623,προσεπεξεργάζομαι,VERB,-,75302,
76766,προσεργάζομαι,VERB,-,75302,
76627,προσεπεύχομαι,VERB,-,75342,
76809,προσεύχομαι,VERB,-,75342,
76644,προσεπιδέομαι,VERB,-,75359,
76647,προσεπιδέω,VERB,-,75359,
76696,προσεπιπάσσω,VERB,-,75410,
76735,προσεπιτάσσω,VERB,-,75410,
76706,προσεπιρρέω,VERB,-,75420,
76709,προσεπιρροφέω,VERB,-,75420,
76718,προσεπισκοπέω,VERB,-,75431,
77097,προσκοπέω,VERB,-,75431,
77500,προσσκοπέω,VERB,-,75431,
76761,προσεπιψεύδομαι,VERB,-,75473,
77833,προσψεύδομαι,VERB,-,75473,
76946,προσκαλεύω,VERB,-,75650,
77496,προσσκαλεύω,VERB,-,75650,
76948,προσκαλινδέομαι,VERB,-,75652,
77129,προσκυλινδέομαι,VERB,-,75652,
77053,προσκήπτω,VERB,-,75731,
77497,προσσκάπτω,VERB,-,75731,
77063,προσκληρόω,VERB,-,75740,
77419,προσπληρόω,VERB,-,75740,
77136,προσκυνητέον,ADJ,-,75806,
77137,προσκυνητέος,ADJ,-,75806,
77368,προσπάσσω,VERB,-,76034,
77671,προσυμπάσσω,VERB,-,76034,
77513,πρόσστασις,NOUN,f,76173,
77561,πρόστασις,NOUN,f,76173,
77517,προσστερνίζομαι,VERB,-,76176,
77591,προστερνίζομαι,VERB,-,76176,
77518,προσστοχάζομαι,VERB,-,76177,
77618,προστοχάζομαι,VERB,-,76177,
77521,προσσυγχρίω,VERB,-,76180,
77654,προσυγχρίω,VERB,-,76180,
77529,προσσυνάγω,VERB,-,76188,
77675,προσυνάγω,VERB,-,76188,
77535,προσσυνίστημι,VERB,-,76194,
77682,προσυνίστημι,VERB,-,76194,
77536,προσσυνοικέω,VERB,-,76195,
77683,προσυνοικέω,VERB,-,76195,
77537,προσσυνοικίζω,VERB,-,76196,
77684,προσυνοικίζω,VERB,-,76196,
77538,προσσυντελέω,VERB,-,76197,
77686,προσυντελέω,VERB,-,76197,
77539,προσσυντίθεμαι,VERB,-,76198,
77687,προσυντίθεμαι,VERB,-,76198,
77540,προσσυρίζω,VERB,-,76199,
77722,προσυρίζω,VERB,-,76199,
77542,προσσφάζω,VERB,-,76201,
77731,προσφάζω,VERB,-,76201,
77543,προσσφίγγω,VERB,-,76202,
77747,προσφίγγω,VERB,-,76202,
77544,προσσφραγίζω,VERB,-,76203,
77766,προσφραγίζω,VERB,-,76203,
77549,προσσωρεύω,VERB,-,76208,
77861,προσωρεύω,VERB,-,76208,
77603,προστίθημι,VERB,-,76258,
85043,συμπροστίθημι,VERB,-,76258,
77672,προσυμπλέκομαι,VERB,-,76324,
85041,συμπροσπλέκομαι,VERB,-,76324,
77697,προσυπερβάλλω,VERB,-,76343,
87158,συνυπερβάλλω,VERB,-,76343,
77878,προταράσσω,VERB,-,76515,
94181,ὑποταράσσω,VERB,-,76515,
77937,προτίθημι,VERB,-,76573,
89471,τίθημι,VERB,-,76573,
78081,προφητικός,ADJ,-,76708,
90812,τροφητικός,ADJ,-,76708,
78747,πυκνός,NOUN,n,77365,
78748,πυκνός,NOUN,n,77365,
78799,πύλος,NOUN,m,77415,
78800,Πύλος,NOUN,m,77415,
78813,πύξ,NOUN,f,77428,
78814,πύξ,NOUN,f,77428,
78856,πυράμινος,ADJ,-,77470,
82611,σπυράμινος,ADJ,-,77470,
78958,πυρίδιον,NOUN,n,77572,
82614,σπυρίδιον,NOUN,n,77572,
79005,πυρίτης,NOUN,m,77619,
79006,πυρίτης,NOUN,m,77619,
79127,πυρσός,NOUN,m,77673,WR
79108,πυρρός,NOUN,m,77673,WR
82620,σπυρός,NOUN,m,77673,
79066,πυρότης,NOUN,f,77678,
79109,πυρρότης,NOUN,f,77678,
79072,πυροφόρος,NOUN,m,77684,
79073,πυροφόρος,NOUN,m,77684,
79127,πυρσός,NOUN,m,77735,
79128,πυρσός,NOUN,m,77735,
79145,πύρωσις,NOUN,f,77750,
91232,τύρωσις,NOUN,f,77750,
79191,πωλητήριον,NOUN,n,77793,
97197,φωλητήριον,NOUN,n,77793,
79244,ῥᾶ,NOUN,n,77846,
79245,ῥᾶ,NOUN,n,77846,
79336,ῥακτήριος,ADJ,-,77937,
96968,φυλακτήριος,ADJ,-,77937,
79483,ῥευστικός,ADJ,-,78083,
99602,ψευστικός,ADJ,-,78083,
79699,ῥιψόφθαλμος,ADJ,-,78296,
94795,ὑψόφθαλμος,ADJ,-,78296,
79780,ῥοιβδέω,VERB,-,78376,
79784,ῥοιβδῳδέω,VERB,-,78376,
79925,ῥυσαίνομαι,VERB,-,78517,
79948,ῥυσσαίνομαι,VERB,-,78517,
87400,συσσαίνομαι,VERB,-,78517,
79939,ῥύσις,NOUN,f,78531,
79940,ῥύσις,NOUN,f,78531,
79992,ῥώμη,NOUN,f,78581,
79993,Ῥώμη,NOUN,f,78581,
79995,ῥώξ,NOUN,f,78583,
79997,ῥώξ,NOUN,f,78583,
79996,ῥώξ,NOUN,m,78584,
79998,ῥώξ,NOUN,m,78584,
80028,Σαβάζω,VERB,-,78614,
80029,σαβάζω,VERB,-,78614,
80062,σαγηνευτήρ,NOUN,m,78647,
80063,σαγηνευτής,NOUN,m,78647,
80120,σακκοφόρος,ADJ,-,78704,WR
80127,σακοφόρος,ADJ,-,78704,WR
80271,Σάραπις,NOUN,m,78852,
80272,σάραπις,NOUN,m,78852,
80340,σαρκοφάγος,NOUN,f,78920,
80341,σαρκοφάγος,NOUN,f,78920,
80485,σειρικόν,NOUN,n,79063,
87537,συψειρικόν,NOUN,n,79063,
80716,Σήρ,NOUN,m,79292,
80717,σήρ,NOUN,m,79292,
80752,σηστός,NOUN,f,79327,
80753,Σηστός,NOUN,f,79327,
81613,Σκῖρον,NOUN,n,80169,
81614,σκῖρον,NOUN,n,80169,
82070,σμαραγέω,VERB,-,80602,
94024,ὑποσμαραγέω,VERB,-,80602,
82136,σμύρνα,NOUN,f,80661,
82137,Σμύρνα,NOUN,f,80661,
82292,σπανός,ADJ,-,80809,
82293,Σπανός,ADJ,-,80809,
82305,σπαράσσω,VERB,-,80820,
87384,συσπαράσσω,VERB,-,80820,
82324,σπάρτη,NOUN,f,80837,
82325,Σπάρτη,NOUN,f,80837,
82406,σπερματολόγος,ADJ,-,80912,
82425,σπερμολόγος,ADJ,-,80912,
82520,σποδιά,NOUN,f,81014,
82523,σποδιάς,NOUN,f,81014,
82536,σπολά,NOUN,f,81027,
82537,σπολάς,NOUN,f,81027,
82604,σπουδαστικός,ADJ,-,81089,
87399,συσπουδαστικός,ADJ,-,81089,
82755,σταυροειδής,ADJ,-,81236,
88391,ταυροειδής,ADJ,-,81236,
82758,σταυροφόρος,ADJ,-,81239,
88422,ταυροφόρος,ADJ,-,81239,
82868,στειρωτικός,ADJ,-,81349,
97981,χειρωτικός,ADJ,-,81349,
82945,στενοχωρέω,VERB,-,81425,
87461,συστενοχωρέω,VERB,-,81425,
82986,στερεοποιέω,VERB,-,81466,
83044,στερροποιέω,VERB,-,81466,
83060,στεφανηφορέω,VERB,-,81537,
87464,συστεφανηφορέω,VERB,-,81537,
83066,στεφανικός,ADJ,-,81543,
83071,στεφανιτικός,ADJ,-,81543,
83079,στεφανόω,VERB,-,81555,
87466,συστεφανόω,VERB,-,81555,
83226,στιπουργός,NOUN,m,81701,WR
83233,στιππουργός,NOUN,m,81701,WR
83235,στιππύϊνος,ADJ,-,81709,WR
83239,στιπύϊνος,ADJ,-,81709,WR
83302,στοιχάς,NOUN,m,81775,
83303,στοιχάς,NOUN,m,81775,
83366,στομάτιον,NOUN,n,81838,
83397,στομωμάτιον,NOUN,n,81838,
83448,στραγγεύομαι,VERB,-,81917,WR
83458,στραγεύομαι,VERB,-,81917,WR
83475,στρατεύω,VERB,-,81943,
87485,συστρατεύω,VERB,-,81943,
83532,στρεπτικός,ADJ,-,81997,
87492,συστρεπτικός,ADJ,-,81997,
90082,τρεπτικός,ADJ,-,81997,
83540,στρέφω,VERB,-,82005,
87493,συστρέφω,VERB,-,82005,
83566,στροβιλέω,VERB,-,82031,
87494,συστροβιλέω,VERB,-,82031,
83610,στρουθιασμός,NOUN,m,82075,
83615,στρουθισμός,NOUN,m,82075,
83666,στρωμάτιον,NOUN,n,82129,
87943,σωμάτιον,NOUN,n,82129,
83714,στυλόω,VERB,-,82174,
91067,τυλόω,VERB,-,82174,
83778,Συβαρίζω,VERB,-,82238,
83779,συβαρίζω,VERB,-,82238,
83888,συγκαλινδέομαι,VERB,-,82343,
84209,συγκυλινδέομαι,VERB,-,82343,
84370,συκοφαντέω,VERB,-,82818,
87423,συσσυκοφαντέω,VERB,-,82818,
84426,σύλλεκτος,ADJ,-,82874,
84427,σύλλεκτρος,ADJ,-,82874,
84522,συμβόλαιον,NOUN,n,82969,
84535,συμβόλιον,NOUN,n,82969,
84946,συμπνέω,VERB,-,83373,
84969,συμπονέω,VERB,-,83373,
84970,συμπονηρεύομαι,VERB,-,83396,
84972,συμπορεύομαι,VERB,-,83396,
85088,σύμφθαρσις,NOUN,f,83510,
85151,σύμφυρσις,NOUN,f,83510,
85185,σύν,ADP,-,83602,
85186,σύν,ADP,-,83602,
85247,συναθλέω,VERB,-,83661,
85381,συναναθλέω,VERB,-,83661,
85267,συναίρεσις,NOUN,f,83681,
85384,συναναίρεσις,NOUN,f,83681,
85338,συναλλύω,VERB,-,83751,WR
85343,συναλύω,VERB,-,83751,WR
85408,συναναλύω,VERB,-,83751,
85428,συναναπλόω,VERB,-,83834,
85537,συναπλόω,VERB,-,83834,
85432,συναναριθμέω,VERB,-,83838,
85648,συναριθμέω,VERB,-,83838,
85434,συναναρτάομαι,VERB,-,83840,
85486,συνανιάομαι,VERB,-,83840,
85475,συνανέρχομαι,VERB,-,83881,
86504,συνέρχομαι,VERB,-,83881,
85521,συναπαρτίζω,VERB,-,83925,
85672,συναρτίζω,VERB,-,83925,
85603,συναπορέω,VERB,-,84006,
85604,συναπορρέω,VERB,-,84006,
85760,συνδείκνυμι,VERB,-,84157,
86179,συνενδείκνυμι,VERB,-,84157,
85771,συνδέομαι,VERB,-,84168,
85945,συνδύομαι,VERB,-,84168,
86184,συνενδύομαι,VERB,-,84168,
85891,συνδίδωμι,VERB,-,84282,
86182,συνενδίδωμι,VERB,-,84282,
85969,σύνεδρος,NOUN,m,84359,
85970,σύνεδρος,NOUN,m,84359,
85976,συνείδησις,NOUN,f,84365,
86841,συνοίδησις,NOUN,f,84365,
86000,συνεισευπορέω,VERB,-,84388,
86551,συνευπορέω,VERB,-,84388,
86007,συνεισπίπτω,VERB,-,84395,
86315,συνεπεισπίπτω,VERB,-,84395,
86045,συνεκθερμαίνω,VERB,-,84432,
86662,συνθερμαίνω,VERB,-,84432,
86095,συνεκπολεμέω,VERB,-,84482,
86096,συνεκπολεμόω,VERB,-,84482,
86113,συνεκτείνω,VERB,-,84499,
86319,συνεπεκτείνω,VERB,-,84499,
86187,συνενεργέω,VERB,-,84569,
86479,συνεργέω,VERB,-,84569,
86188,συνενεργής,ADJ,-,84570,
86481,συνεργής,ADJ,-,84570,
86242,συνεξεργάζομαι,VERB,-,84624,
86323,συνεπεξεργάζομαι,VERB,-,84624,
86325,συνεπερίζω,VERB,-,84704,
86497,συνερίζω,VERB,-,84704,
86328,συνεπευθύνω,VERB,-,84707,
86538,συνευθύνω,VERB,-,84707,
86418,συνεπιστέλλω,VERB,-,84796,
86433,συνεπιτέλλω,VERB,-,84796,
86853,συνοικίδιον,NOUN,n,85211,
86856,συνοικίσιον,NOUN,n,85211,
87050,συντεταγμένως,ADV,-,85404,
87051,συντεταμένως,ADV,-,85404,
87053,συντετηρημένως,ADV,-,85406,
87054,συντετμημένως,ADV,-,85406,
87085,συντομή,NOUN,f,85437,
87086,συντομία,NOUN,f,85437,
87276,συρίζω,VERB,-,85622,
87277,Συρίζω,VERB,-,85622,
87301,σύρος,NOUN,m,85645,
87303,Σύρος,NOUN,m,85645,
87340,συρτός,NOUN,m,85683,
87341,συρτός,NOUN,m,85683,
87516,συσχετήριον,NOUN,n,85842,
87788,σχετήριον,NOUN,n,85842,
87592,σφάκελος,NOUN,m,85917,
94880,φάκελος,NOUN,m,85917,
87599,σφακώδης,ADJ,-,85924,
94897,φακώδης,ADJ,-,85924,
87603,σφαλλός,NOUN,m,85928,
94948,φαλλός,NOUN,m,85928,
87615,σφέκλη,NOUN,f,85940,
95182,φέκλη,NOUN,f,85940,
87878,σχολαῖος,ADJ,-,86194,
98501,χολαῖος,ADJ,-,86194,
87892,σχολικός,ADJ,-,86208,
98515,χολικός,ADJ,-,86208,
87894,σχόλιον,NOUN,n,86210,
98517,χόλιον,NOUN,n,86210,
87942,σωμάτινος,ADJ,-,86257,
99153,χρωμάτινος,ADJ,-,86257,
88001,σῶς,NOUN,m,86315,
88002,σῶς,NOUN,m,86315,
88079,ταινί,ADV,-,86392,
88089,ταιννί,ADV,-,86392,
88182,τανί,ADV,-,86489,
88185,ταννί,ADV,-,86489,
88325,τάριχος,NOUN,m,86627,
88326,τάριχος,NOUN,m,86627,
88350,ταρτημόριον,NOUN,n,86651,
88964,τεταρτημόριον,NOUN,n,86651,
90617,τριταρτημόριον,NOUN,n,86651,
88937,τεσσαρεσκαιδεκαέτης,ADJ,-,87217,
88944,τεσσαρεσκαιδεκέτης,ADJ,-,87217,
88946,τεταγμένως,ADV,-,87224,
88958,τεταραγμένως,ADV,-,87224,
89010,τετραδαρχία,NOUN,f,87285,
89153,τετραρχία,NOUN,f,87285,
89524,τιμητικός,ADJ,-,87788,
89646,τμητικός,ADJ,-,87788,
89653,τοιγάρ,PART,-,87911,
89654,τοιγάρ,PART,-,87911,
89905,τραγανός,NOUN,m,88160,
89907,τραγανός,NOUN,m,88160,
89906,τραγανός,NOUN,n,88161,
89908,τραγανός,NOUN,n,88161,
89961,τρακτεύω,VERB,-,88212,
96675,φρακτεύω,VERB,-,88212,
90205,τρίβων,NOUN,m,88448,
90206,τρίβων,NOUN,m,88448,
90300,τριήρης,NOUN,f,88540,
90301,τριήρης,NOUN,f,88540,
90302,τριηρικός,ADJ,-,88541,
90305,τριηριτικός,ADJ,-,88541,
90373,τριμάτιον,NOUN,n,88610,
90389,τριμμάτιον,NOUN,n,88610,
90466,τρίπλοκος,ADJ,-,88696,
90482,τρίποκος,ADJ,-,88696,
90494,τρίπους,NOUN,m,88723,
90495,τρίπους,NOUN,m,88723,
90665,τριφυλία,NOUN,f,88890,
90668,τριφυλλίς,NOUN,f,88890,
90670,τρίφυλλος,ADJ,-,88894,
90671,τρίφυλος,ADJ,-,88894,
90884,τροχός,NOUN,m,89104,
90885,τροχός,NOUN,m,89104,
91173,τύραννος,NOUN,m,89384,
91174,τύραννος,NOUN,m,89384,
91271,Τυφωνικός,ADJ,-,89478,
97217,φωνικός,ADJ,-,89478,
91617,ὑδροχαμαίμηλον,NOUN,n,89818,
97582,χαμαίμηλον,NOUN,n,89818,
91785,ὑμήν,NOUN,m,89983,
91786,Ὑμήν,NOUN,m,89983,
91987,ὑπαπέρχομαι,VERB,-,90171,
92943,ὑπέρχομαι,VERB,-,90171,
92038,ὑπατικός,ADJ,-,90221,
92046,ὑπαττικός,ADJ,-,90221,
92044,ὕπατος,NOUN,m,90227,
92045,ὕπατος,NOUN,m,90227,
92112,ὑπέκλυσις,NOUN,f,90289,
92637,ὑπέρκλυσις,NOUN,f,90289,
92117,ὑπεκπίπτω,VERB,-,90294,
92452,ὑπερεκπίπτω,VERB,-,90294,
92196,ὑπεξάπτω,VERB,-,90371,
92479,ὑπερεξάπτω,VERB,-,90371,
92214,ὑπέρ,ADP,-,90388,
92215,ὑπέρ,ADP,-,90388,
92526,ὑπερέχω,VERB,-,90691,
92876,ὑπερτρέχω,VERB,-,90691,
93049,ὑπό,ADP,-,91206,
93050,ὑπό,ADP,-,91206,
93291,ὑπόδρομος,NOUN,m,91434,
93292,ὑπόδρομος,NOUN,m,91434,
93327,ὑπόζωμα,NOUN,n,91466,
93331,ὑπόζωσμα,NOUN,n,91466,
93625,ὑπόλογος,NOUN,m,91742,
93626,ὑπόλογος,NOUN,m,91742,
93738,ὑπονέω,VERB,-,91849,
93866,ὑποπονέω,VERB,-,91849,
93918,ὑποράπτω,VERB,-,92026,
93931,ὑπορράπτω,VERB,-,92026,
93961,ὑποσαίνω,VERB,-,92065,WR
94056,ὑποσσαίνω,VERB,-,92065,WR
94106,ὑποστρέφω,VERB,-,92204,
94144,ὑποσυστρέφω,VERB,-,92204,
94229,ὑποτοπάζω,VERB,-,92318,
94265,ὑποτροπάζω,VERB,-,92318,
94267,ὑποτροπιάζω,VERB,-,92318,
94352,ὑποφλεγματώδης,ADJ,-,92435,
96275,φλεγματώδης,ADJ,-,92435,
94592,ὑφάντης,NOUN,m,92667,
94999,φάντης,NOUN,m,92667,
94676,Ὑχαῖος,NOUN,m,92751,
97279,χαῖος,NOUN,m,92751,
94980,φανός,NOUN,m,93048,
94981,φανός,NOUN,m,93048,
95574,φιλεύδιος,ADJ,-,93626,
95576,φιλεύιος,ADJ,-,93626,
95803,φιλοκιθαριστής,NOUN,m,93849,
99713,ψιλοκιθαριστής,NOUN,m,93849,
95876,φιλομειδής,ADJ,-,93921,WR
95890,φιλομμειδής,ADJ,-,93921,WR
96022,φίλος,NOUN,m,94065,
96023,φίλος,NOUN,m,94065,
96874,Φρύξ,NOUN,m,94881,
96875,φρύξ,NOUN,m,94881,
97397,χαλκεομίτρας,NOUN,m,95394,WR
97471,χαλκομίτρας,NOUN,m,95394,WR
97970,χείρων,NOUN,m,95955,
97971,Χείρων,NOUN,m,95955,
98007,χελλών,NOUN,m,95990,WR
98022,χελών,NOUN,m,95990,WR
98065,χερόνησος,NOUN,f,96045,WR
98069,χερρόνησος,NOUN,f,96045,WR
98096,χέρσος,NOUN,f,96075,
98097,χέρσος,NOUN,f,96075,
98346,χλιάω,VERB,-,96318,
98354,χλιδιάω,VERB,-,96318,
98709,χρεῖος,NOUN,n,96673,
98710,χρεῖος,NOUN,n,96673,
98757,χρηματικός,ADJ,-,96716,
98762,χρηματιστικός,ADJ,-,96716,
98811,χρηστήρ,NOUN,m,96767,
100073,ὠμηστήρ,NOUN,m,96767,
99061,χρυσόραπις,NOUN,m,97013,WR
99066,χρυσόρραπις,NOUN,m,97013,WR
99062,χρυσορόης,NOUN,m,97014,WR
99068,χρυσορρόης,NOUN,m,97014,WR
99069,χρυσόρρυτος,ADJ,-,97019,WR
99071,χρυσόρυτος,ADJ,-,97019,WR
99330,ψαθοπλόκος,NOUN,m,97273,
99683,ψιαθοπλόκος,NOUN,m,97273,
99360,ψάλιον,NOUN,n,97303,WR
99365,ψάλλιον,NOUN,n,97303,WR
99589,ψευδόχρυσος,NOUN,m,97531,
99590,ψευδόχρυσος,NOUN,m,97531,
99660,ψηφολογητός,ADJ,-,97600,
99661,ψηφολογικός,ADJ,-,97600,
100240,ὡς,NOUN,m,98169,
100241,ὡς,NOUN,m,98169,